College_Name,Location_City,Location_State,Campus_Area,Accreditation_Body,Affiliation_University,Year_of_Establishment,National_Ranking,International_Ranking,Number_of_Faculties,Number_of_Departments,Website_URL,Program_Name,Eligibility_Criteria,Required_Entrance_Exam,Minimum_Exam_Score,Application_Start_Date,Application_End_Date,Admission_Quota_Type,Reservation_Category,Application_Fees,Application_Mode,Document_Required,Counseling_Start_Date,Counseling_End_Date,Tuition_Fees_Annual,Hostel_Fees_Annual,Lab_Fees_Annual,Miscellaneous_Fees,Total_Fees,Scholarship_Name,Scholarship_Eligibility,Scholarship_Amount,Financial_Aid_Options,Installment_Availability,Loan_Partners,Payment_Methods,Course_Duration_Years,Core_Subjects,Elective_Subjects,Faculty_Qualification,Faculty_Experience_Years,Teaching_Methods,Average_Class_Size,Academic_Calendar_Start,Academic_Calendar_End,Exam_Schedule,Average_CGPA,Research_Opportunities_Available,Internship_Availability,Placement_Year,Placement_Rate_Overall,Placement_Rate_By_Department,Top_Recruiters,Average_Salary_Overall,Average_Salary_By_Department,Highest_Salary_Overall,Highest_Salary_By_Department,Internship_Partners,Internship_Conversion_Rate,Total_Number_of_Classrooms,Total_Number_of_Labs,Library_Books_Available,Library_Digital_Resources,Hostel_Capacity,Sports_Facilities_Available,Gym_Available,Auditorium_Capacity,WiFi_Availability,Canteen_Capacity,Number_of_Smart_Classrooms,Medical_Facilities_Available,Accessibility_Features,Counseling_Services_Available,Mentorship_Programs_Available,Clubs_and_Societies_Available,Cultural_Events_Frequency,On_Campus_Accommodation_Available,Student_Exchange_Programs_Available,Alumni_Network_Size,Alumni_Notable_Names,Campus_Safety_Rating,Emergency_Protocols,Part-time_Job_Opportunities_Available,Department_Name,Specializations_Offered,Departmental_Achievements,Lab_Specific_Facilities,Industry_Collaborations_Available,Departmental_Events_Frequency,Number_of_International_Students,Country_of_Origin,Admission_Process_International,Visa_Assistance_Available,Cultural_Integration_Programs_Available,Language_Support_Available,International_Student_Housing_Available,Entrepreneurship_Support_Available,Incubation_Center_Available,Part-time_Job_Opportunities_International_Students,Study_Abroad_Programs_Available,Dual_Degree_Programs_Available,Community_Service_Programs_Available
Bright LLC,Boothville,California,17,AICTE,Henry PLC University,1950,119,73,125,23,http://www.velez.com/,Engineering,Graduation with 55%,SAT,,10-08-2024,17-07-2024,Reserved,ST,988,Online,Address Proof,25-07-2024,07-05-2024,89093,56101,31155,6010,157043,Reveal Scholarship,Merit-Based,74494,No,No,"Perry, Snyder and Russell",Credit Card,5,World,Treatment,MTech,1,Practical,37,01-04-2024,13-04-2024,13-05-2024,8.48,Yes,No,2022,53,84,Wood PLC,936826,466073,1551346,2182382,Daniels-Burton,71,22,14,20671,6743,1825,Yes,No,1617,Yes,454,7,Yes,Yes,No,Yes,East Club,Yearly,No,No,37742,Diana Ibarra,10,No,No,Law,Three Engineering,Body capital hair life age explain appear.,Along everything should think.,No,Yearly,569,Maldives,Different,No,Yes,Yes,Yes,No,Yes,No,No,Yes,No
0,Jeffreyberg,South Carolina,155,NAAC,"Dodson, Williams and Palmer University",1976,332,250,304,9,https://may.com/,Engineering,Graduation with 55%,None,61,02-05-2024,17-08-2024,Management,General,1357,Online,Marksheet,05-02-2024,19-04-2024,199776,30772,18302,16097,289452,Sort Scholarship,Category-Based,21026,No,No,Williams Inc,Credit Card,4,White,Figure,MTech,34,Project-Based,75,03-05-2024,02-08-2024,06-05-2024,9.17,Yes,No,2011,63,98,Cunningham-Diaz,1404947,746645,1234500,974459,"Foster, Sims and Ramos",49,185,10,96255,7912,674,No,Yes,1134,Yes,369,11,No,No,Yes,No,President Club,Yearly,No,No,93394,Samuel Pineda,4,No,No,Computer Science,Product Engineering,Understand challenge church tax hard.,Enter main building budget develop foreign.,Yes,Monthly,379,Solomon Islands,Different,Yes,Yes,No,Yes,No,No,Yes,No,Yes,No
Harris-Smith,Smithburgh,Kansas,198,NBA,Hudson Ltd University,1965,158,992,54,23,https://powers-tyler.net/,Law,12th Grade with 60%,None,66,14-01-2024,13-08-2024,General,SC,1980,Online,ID Proof,10-03-2024,30-07-2024,81171,99933,16764,10715,569659,Understand Scholarship,Merit-Based,11520,Yes,Yes,Jackson Inc,Credit Card,4,Occur,Late,PhD,14,Online,25,16-04-2024,19-06-2024,23-08-2024,6.8,Yes,No,2019,62,51,Chen Group,1434149,591637,673415,2718561,Edwards-Lee,31,81,47,59025,8768,613,No,Yes,316,Yes,441,41,Yes,Yes,Yes,Yes,Behind Club,Monthly,No,No,84477,Jennifer Espinoza,8,Yes,No,Arts,Election Engineering,Investment clearly have baby.,Me offer early focus investment plan morning.,Yes,Yearly,267,United Kingdom,Different,Yes,Yes,Yes,Yes,No,No,Yes,Yes,No,Yes
"Lopez, Thomas and Roberson",New Alexandra,Vermont,77,AICTE,"Jennings, White and Nichols University",1974,286,387,461,5,http://rivers-robinson.com/,Arts,12th Grade with 60%,JEE,58,13-03-2024,17-01-2024,Management,ST,1304,Online,Address Proof,25-07-2024,20-07-2024,340131,50253,36073,9642,97743,Front Scholarship,Category-Based,55359,Yes,No,Henry Group,Net Banking,2,Magazine,Pretty,MSc,2,Practical,57,08-01-2024,04-05-2024,24-06-2024,8.81,No,Yes,2023,90,91,Fisher-Marsh,311005,849286,1871402,2699454,Rivera-Crosby,58,125,32,32445,5496,981,Yes,Yes,1490,No,384,42,Yes,Yes,Yes,No,Choose Club,Monthly,Yes,No,40780,John Johnson,8,No,No,Civil,Politics Engineering,On brother arm knowledge economy Mrs.,Know business support know create.,Yes,Weekly,597,Cocos (Keeling) Islands,Similar,Yes,No,Yes,No,No,Yes,No,Yes,No,Yes
Leon LLC,North Jane,Idaho,92,UGC,Robbins and Sons University,1964,212,86,308,13,https://www.cruz-davis.org/,Engineering,12th Grade with 60%,CAT,65,02-03-2024,22-05-2024,General,OBC,1196,Online,Photo,15-07-2024,04-03-2024,169853,23270,15488,13856,127919,Beautiful Scholarship,Merit-Based,71360,Yes,Yes,Hernandez-Taylor,UPI,2,Today,Run,PhD,4,Practical,32,03-07-2024,29-07-2024,01-06-2024,7.16,Yes,No,2012,100,68,"Perry, Blackburn and Olson",312839,1299964,2766747,1168014,Walker Ltd,68,10,31,35482,7195,838,No,Yes,1160,No,233,21,Yes,Yes,Yes,Yes,At Club,Yearly,No,No,33294,Jared Burch,1,No,No,Business,Heart Engineering,Ability group worker issue she.,Listen establish into case fund build.,No,Weekly,438,Anguilla,Similar,No,No,No,Yes,Yes,Yes,Yes,No,Yes,No
"Harris, Phelps and Miller",East Kellyberg,Ohio,154,AICTE,Craig-Carson University,1992,166,444,231,8,http://www.hurst.com/,Engineering,Entrance Exam,JEE,96,24-06-2024,29-01-2024,Management,General,674,Online,ID Proof,30-01-2024,27-08-2024,320758,22277,35576,14760,143057,Chair Scholarship,Need-Based,34202,Yes,Yes,"Thomas, Alvarado and Huerta",Credit Card,1,Guess,Necessary,MTech,2,Online,91,18-08-2024,21-03-2024,14-08-2024,8.16,No,Yes,2023,89,74,Sharp-Dawson,1372953,937333,2954027,1293368,Goodman-Campbell,16,160,46,36617,3272,331,No,No,1935,Yes,458,41,Yes,Yes,Yes,No,Woman Club,Monthly,Yes,Yes,64319,Cassandra Meyers,2,No,Yes,Electrical,Final Engineering,Quality test them arm coach TV.,Resource even wonder establish front.,No,Weekly,500,Italy,Different,No,No,No,No,No,Yes,No,Yes,Yes,No
"Ritter, Velasquez and Barrera",East William,Utah,113,UGC,"Pearson, Wilson and Banks University",1968,415,876,103,48,http://www.foster.info/,Law,Entrance Exam,SAT,75,17-05-2024,05-08-2024,Management,OBC,1193,Online,Address Proof,04-02-2024,12-07-2024,418890,80983,29954,19042,588875,Majority Scholarship,Merit-Based,41768,Yes,Yes,Stephens-Barker,Net Banking,1,Laugh,Whose,PhD,25,Online,83,13-04-2024,06-06-2024,28-01-2024,8.67,No,No,2024,69,63,Garcia Group,1163971,454095,2746544,2619491,"Huff, Reed and Tate",29,165,46,60937,3709,812,Yes,No,893,Yes,383,42,Yes,Yes,Yes,Yes,Decision Club,Yearly,No,No,12752,Thomas Bolton,2,Yes,No,Business,Most Engineering,Meet officer billion.,Point tax baby buy this let generation road.,No,Yearly,58,Suriname,Different,No,Yes,Yes,No,Yes,Yes,Yes,No,No,No
Lynch LLC,Port Jessica,Idaho,193,UGC,"Edwards, Rodriguez and Hale University",1975,467,675,414,42,https://gross-johnson.net/,Law,Graduation with 55%,None,99,15-07-2024,12-08-2024,Reserved,SC,1813,Offline,Marksheet,02-07-2024,06-06-2024,392637,34197,12793,14796,239774,Drug Scholarship,Merit-Based,90244,No,Yes,"Wallace, Perkins and Coleman",Credit Card,4,Language,Skin,PhD,9,Online,74,24-05-2024,07-06-2024,25-08-2024,7.35,No,No,2024,97,81,Gonzales-Williams,757375,1174064,2716363,1114600,"Hernandez, Riley and Rangel",79,185,45,34071,186,1395,Yes,Yes,388,Yes,73,24,Yes,Yes,No,Yes,Ready Club,Weekly,Yes,Yes,32572,Amy Gould,10,Yes,No,Computer Science,Deep Engineering,Company population defense sign professor.,Hope season though nation war meeting.,Yes,Weekly,262,Moldova,Different,No,Yes,Yes,No,Yes,Yes,No,No,No,Yes
Herrera Inc,South Lauren,Georgia,179,AICTE,Woodard-Ramos University,2006,79,662,497,27,http://oconnell.com/,Engineering,12th Grade with 60%,CAT,64,12-08-2024,04-07-2024,Reserved,ST,1103,Offline,Address Proof,14-07-2024,21-08-2024,233926,26792,24107,6614,571781,Record Scholarship,Category-Based,72621,Yes,No,Gonzalez-Floyd,UPI,1,Business,Traditional,MTech,20,Project-Based,87,19-05-2024,25-03-2024,20-04-2024,6.06,Yes,Yes,2010,87,53,"Gonzales, Villarreal and Sanchez",636692,990024,1656354,1580281,Patterson-Brown,23,194,40,22805,981,347,No,No,1228,Yes,151,28,Yes,No,No,No,Student Club,Weekly,No,No,93117,Michele White,5,No,No,Law,Beautiful Engineering,Another American toward lead represent.,Bit sister send quickly scientist.,No,Monthly,91,Tokelau,Different,Yes,Yes,Yes,Yes,Yes,Yes,No,No,No,No
"Edwards, Cummings and Cannon",Cathybury,Minnesota,68,NBA,Hunt-Lopez University,2006,353,730,101,46,https://www.greene-walker.com/,Engineering,12th Grade with 60%,CAT,97,08-03-2024,25-07-2024,Management,General,503,Online,Marksheet,06-06-2024,09-06-2024,163877,91983,21838,16489,451448,Goal Scholarship,Merit-Based,71211,No,Yes,Mckenzie-Ball,Net Banking,5,Kid,Expert,PhD,35,Project-Based,50,12-07-2024,26-08-2024,10-06-2024,8.17,No,No,2012,74,85,"Baker, Garrison and Green",1494086,931895,886186,2196336,"Chambers, Mullen and Lopez",64,185,22,97859,5854,342,Yes,No,1622,Yes,318,10,Yes,No,Yes,Yes,Quickly Club,Weekly,Yes,Yes,76237,Angela Myers,7,No,No,Business,Nation Engineering,Point boy get pull music later.,Wonder decade note window successful TV.,Yes,Monthly,103,Mongolia,Different,No,No,No,Yes,Yes,Yes,No,Yes,No,Yes
Osborne Inc,Levytown,Montana,23,AICTE,Moore-Hickman University,2010,434,268,289,40,https://harrell-meyer.org/,Engineering,Entrance Exam,JEE,85,02-07-2024,13-07-2024,General,General,888,Online,Marksheet,23-07-2024,25-02-2024,394212,20687,39479,6541,211701,With Scholarship,Merit-Based,66290,No,Yes,"Evans, Herrera and Lawson",UPI,1,Adult,Design,MBA,26,Practical,40,20-03-2024,19-08-2024,21-07-2024,9.05,Yes,No,2016,54,67,Lucas and Sons,621833,887876,2347438,1596512,Daniel Ltd,49,136,31,66341,1913,634,No,No,528,Yes,111,46,Yes,No,No,Yes,Stage Club,Weekly,No,Yes,79080,Lori Berg,7,No,No,Law,Face Engineering,Mission her only wind enjoy.,Effect thousand sure much fund TV.,Yes,Monthly,635,Papua New Guinea,Different,Yes,No,No,No,No,No,No,No,No,No
"Nguyen, Meadows and Gonzalez",North Pamelaburgh,California,109,NAAC,"Johnson, Frederick and Phelps University",1955,225,91,253,26,http://www.sanders-lawrence.com/,Law,12th Grade with 60%,None,,13-05-2024,01-07-2024,Management,OBC,1610,Offline,Photo,20-04-2024,10-07-2024,414048,87448,14880,7969,139731,Toward Scholarship,Merit-Based,72689,No,No,Ramirez Inc,Net Banking,5,Long,Still,PhD,14,Practical,36,15-04-2024,26-01-2024,14-06-2024,7.27,Yes,Yes,2010,70,74,"Singleton, Flynn and Parrish",767343,1476148,2932567,1428341,Valentine-Snyder,81,111,35,28171,8874,1803,Yes,Yes,337,No,107,33,No,Yes,Yes,Yes,Vote Club,Monthly,No,No,80483,William Johnson,8,No,Yes,Business,Remain Engineering,While including gas ability past price letter.,Direction since peace purpose fact election.,No,Weekly,325,United States Virgin Islands,Different,No,No,Yes,Yes,No,Yes,No,No,No,Yes
"Ochoa, Smith and Erickson",Lake Edward,Connecticut,189,NBA,Miller-Ryan University,1980,413,481,162,37,https://richard-gutierrez.com/,Engineering,Entrance Exam,NEET,,10-08-2024,23-08-2024,General,SC,1476,Offline,ID Proof,15-06-2024,30-07-2024,396615,31068,48370,12789,319916,So Scholarship,Category-Based,23407,Yes,Yes,"Byrd, Ochoa and Mayer",UPI,4,Give,Space,MSc,6,Online,26,20-08-2024,30-05-2024,24-07-2024,8.3,No,Yes,2022,71,55,Nelson-Jenkins,1462536,1330782,1962889,996792,Small LLC,34,157,18,12143,4967,1571,Yes,No,676,No,144,10,Yes,Yes,Yes,Yes,Herself Club,Weekly,No,Yes,25702,Kathleen Brown,9,No,No,Civil,Rate Engineering,Edge necessary yeah gun half.,Simply sister child less rate offer.,Yes,Monthly,27,Saint Barthelemy,Similar,Yes,Yes,Yes,Yes,Yes,Yes,No,Yes,Yes,Yes
Solis-James,New Robert,Vermont,180,UGC,"Smith, Mitchell and Barnes University",1976,223,585,55,39,https://www.nunez.com/,Business,Entrance Exam,None,92,10-05-2024,03-02-2024,General,OBC,876,Offline,ID Proof,23-07-2024,21-01-2024,459927,59149,42115,10930,472556,Strong Scholarship,Merit-Based,84227,No,No,Baker-Hansen,Credit Card,5,Ground,Eight,PhD,32,Project-Based,72,31-07-2024,07-08-2024,19-02-2024,9.33,No,Yes,2015,61,70,"Young, Holden and King",876070,1498146,1175825,1571196,Donovan LLC,77,178,33,66443,1296,1323,No,Yes,1220,No,103,22,No,Yes,No,No,Discussion Club,Yearly,No,No,29256,Alex Beasley,3,Yes,Yes,Mechanical,Crime Engineering,Face company business edge yard figure of.,Society magazine goal memory.,Yes,Monthly,306,Namibia,Different,Yes,No,Yes,No,Yes,No,Yes,Yes,No,No
Mitchell-Acosta,Crystalborough,Georgia,179,UGC,Gomez-Walters University,2006,325,742,217,32,http://www.martin-baker.com/,Science,Graduation with 55%,None,94,23-02-2024,21-06-2024,Reserved,SC,1960,Offline,Address Proof,17-03-2024,13-03-2024,142296,37837,39518,7178,258421,Specific Scholarship,Category-Based,33811,Yes,Yes,Black-Byrd,Debit Card,2,Example,Shake,MTech,34,Project-Based,92,25-04-2024,29-04-2024,16-05-2024,9.81,No,No,2020,68,93,"Spencer, Cooper and Allen",918356,1158943,1880155,806335,"Martinez, Morton and Archer",61,152,9,35600,3903,1859,Yes,No,957,No,463,46,Yes,Yes,Yes,Yes,Over Club,Yearly,Yes,No,9955,William Reed,7,No,No,Mechanical,Black Engineering,Senior page race difficult answer common.,Soon friend maintain sit recognize.,Yes,Weekly,837,Somalia,Different,No,Yes,No,No,Yes,Yes,No,No,No,Yes
Reynolds-Cole,Brownmouth,Kentucky,169,AICTE,Gardner-Arnold University,1971,341,758,263,43,http://barnes-yoder.com/,Business,Entrance Exam,None,,31-01-2024,18-06-2024,Management,ST,1789,Online,ID Proof,11-07-2024,24-06-2024,424132,39894,27912,7305,558046,Budget Scholarship,Category-Based,66799,No,No,Perez Inc,UPI,5,Radio,Return,MSc,7,Lectures,76,11-03-2024,19-05-2024,24-04-2024,7.52,No,No,2015,79,62,Hunt LLC,1178492,1226872,558495,815611,Ray-Miller,33,110,32,25075,5515,1669,No,No,616,No,358,3,No,No,No,Yes,Painting Club,Monthly,No,No,30529,Ernest Watts,9,No,No,Computer Science,Part Engineering,Short tonight discussion well she yeah international site.,Billion statement among.,Yes,Monthly,128,Algeria,Different,No,Yes,No,Yes,Yes,Yes,No,No,No,No
"Patterson, Carr and Martinez",Barrside,Texas,73,NBA,Jones LLC University,2009,203,982,368,16,https://www.sanchez.org/,Arts,Graduation with 55%,NEET,94,10-02-2024,05-08-2024,Reserved,General,1420,Online,ID Proof,14-06-2024,03-08-2024,61283,42527,39398,18934,260152,Mission Scholarship,Merit-Based,27737,No,No,Ward and Sons,UPI,3,Himself,Result,MTech,18,Practical,84,27-04-2024,31-01-2024,20-07-2024,9.18,No,No,2013,65,56,Jacobson Ltd,699817,1228166,1162676,908569,Mitchell-Roberts,75,199,35,27183,3612,154,No,No,1190,Yes,240,8,Yes,No,Yes,Yes,Garden Club,Weekly,Yes,Yes,23573,Nichole Murphy,9,Yes,Yes,Civil,Former Engineering,Very word contain feel thus financial.,Season table dark issue blood weight leader.,No,Monthly,920,Saint Martin,Similar,No,No,Yes,No,No,No,No,No,No,No
Miller-Miller,Lake Nathaniel,North Dakota,119,NAAC,Blake and Sons University,2019,394,115,192,32,https://www.griffith.info/,Science,12th Grade with 60%,NEET,89,30-03-2024,11-01-2024,Management,SC,1825,Offline,Photo,15-03-2024,21-04-2024,375280,58296,35980,12417,278866,Article Scholarship,Need-Based,87454,Yes,Yes,Wright Ltd,Debit Card,3,Project,Hope,MBA,11,Practical,44,21-04-2024,05-03-2024,08-04-2024,8.39,No,No,2015,100,89,Vargas-Morse,533981,829379,785366,1330247,Mahoney-Harper,16,33,5,48865,2232,1917,No,Yes,1854,Yes,492,20,No,No,No,Yes,By Club,Yearly,Yes,Yes,13829,Crystal Mcclure,5,No,Yes,Computer Science,Late Engineering,Everyone reduce child.,Determine increase drive food.,No,Yearly,243,Afghanistan,Different,Yes,Yes,Yes,Yes,Yes,Yes,Yes,Yes,Yes,No
Holland-Reynolds,Lake Marymouth,Utah,185,UGC,Jimenez LLC University,1985,220,361,187,49,https://www.carter.com/,Law,12th Grade with 60%,JEE,72,30-04-2024,22-03-2024,Management,General,1986,Offline,Address Proof,22-04-2024,26-01-2024,411518,79150,34669,13738,81887,Face Scholarship,Need-Based,14707,No,No,Conway-Kennedy,Credit Card,5,Plant,Maybe,MBA,19,Online,63,14-01-2024,26-08-2024,11-01-2024,7.95,Yes,Yes,2012,93,98,Anderson and Sons,399003,1339604,1109721,2430948,Miller Inc,31,176,36,38641,1130,671,Yes,No,1527,No,471,22,Yes,No,Yes,Yes,Woman Club,Weekly,Yes,Yes,86666,Brandon Berry,7,Yes,Yes,Electrical,Might Engineering,Point produce may blue still writer energy.,There window case many home.,Yes,Weekly,332,Azerbaijan,Similar,Yes,Yes,Yes,No,No,No,Yes,No,No,No
Singh-Hunter,Angelashire,Mississippi,50,NAAC,"Riley, Li and Terrell University",1996,381,963,386,5,https://www.wu-torres.biz/,Business,Entrance Exam,NEET,,30-07-2024,02-04-2024,Reserved,OBC,1176,Offline,Address Proof,08-02-2024,27-02-2024,336063,32930,11011,13368,311178,School Scholarship,Category-Based,87516,No,Yes,Clay-Mcclain,Net Banking,3,Network,Own,MTech,11,Project-Based,86,31-05-2024,10-06-2024,20-02-2024,8.55,No,Yes,2017,82,73,Sheppard-Jones,1488690,1205311,2742584,2832248,"Delgado, Griffin and Mooney",52,46,28,41208,1297,1738,Yes,Yes,1044,Yes,464,10,No,No,Yes,Yes,Day Club,Weekly,Yes,No,64888,Joshua Russell,5,No,No,Arts,Once Engineering,Character threat rock TV debate.,Mrs every center others.,Yes,Monthly,91,United States Minor Outlying Islands,Different,No,No,No,No,Yes,Yes,Yes,No,No,Yes
Alvarez-Patterson,Stevenchester,North Carolina,14,UGC,Brown-Sanders University,2009,241,418,135,23,http://andrews-hale.com/,Science,12th Grade with 60%,None,73,16-06-2024,23-07-2024,Reserved,General,1925,Online,Marksheet,20-06-2024,17-01-2024,233682,61793,30904,16009,545770,Look Scholarship,Merit-Based,93505,No,No,Kent-Bartlett,Credit Card,3,Close,Truth,MTech,26,Lectures,90,12-01-2024,09-01-2024,06-01-2024,8.46,No,Yes,2022,55,65,Jones LLC,663716,440574,1843046,1294561,Jackson LLC,83,20,16,31693,8501,1663,No,No,238,Yes,455,40,Yes,Yes,No,Yes,Mr Club,Monthly,Yes,No,70244,Nathan Morse,9,No,No,Mechanical,Improve Engineering,Production sense college wide listen child price beat.,Top occur one question.,Yes,Weekly,574,United States of America,Different,No,No,No,Yes,No,Yes,Yes,No,No,No
"Berger, Franklin and Sullivan",Port Timothy,Oregon,174,AICTE,Wilson and Sons University,1976,431,105,170,40,http://hall.com/,Law,12th Grade with 60%,JEE,84,01-04-2024,08-01-2024,General,OBC,1883,Online,Address Proof,22-04-2024,09-03-2024,173474,78736,46109,15693,310924,Be Scholarship,Merit-Based,29538,No,Yes,Lee LLC,Net Banking,5,Republican,Down,PhD,40,Online,31,04-03-2024,07-02-2024,17-08-2024,8.86,No,Yes,2021,79,80,"Sandoval, Jenkins and Harris",610604,524042,770144,2563322,Short-King,24,182,23,92612,3885,342,Yes,Yes,551,Yes,275,16,Yes,Yes,No,No,However Club,Weekly,Yes,No,59694,Travis Hall,6,No,No,Arts,Huge Engineering,Whether like professor.,Detail magazine authority.,Yes,Monthly,184,Isle of Man,Different,Yes,No,No,Yes,Yes,No,No,Yes,No,No
Chen-Butler,Williamtown,Louisiana,93,NBA,Howard-Robles University,1951,343,435,410,18,https://www.benson-phelps.info/,Business,Graduation with 55%,SAT,73,24-03-2024,28-03-2024,Reserved,ST,993,Offline,Photo,22-05-2024,04-01-2024,369391,59974,32948,14942,233096,Pm Scholarship,Merit-Based,23262,Yes,Yes,Burgess LLC,Debit Card,2,Method,Sell,MTech,22,Lectures,53,28-01-2024,01-01-2024,20-08-2024,7.05,Yes,No,2012,98,70,Morales Inc,844221,694457,905127,1357800,"Carter, Cook and Alvarez",13,191,36,48298,5086,189,Yes,No,1568,Yes,275,22,Yes,No,No,No,Like Club,Yearly,No,Yes,54494,Jamie Fuller,5,Yes,Yes,Computer Science,Inside Engineering,Off popular wrong newspaper stop.,Free mouth provide teach wrong.,Yes,Yearly,436,Haiti,Different,Yes,No,No,Yes,No,No,Yes,No,No,Yes
"Newton, Daniel and Martin",Julieview,Washington,175,NBA,Hamilton Ltd University,2003,237,159,375,49,http://www.nelson.net/,Engineering,Entrance Exam,NEET,70,11-01-2024,24-07-2024,Management,OBC,1145,Online,Address Proof,05-07-2024,04-02-2024,63722,42862,38931,10449,71850,Above Scholarship,Category-Based,29946,Yes,Yes,Jones Group,UPI,2,Rate,Shake,PhD,3,Project-Based,88,25-01-2024,16-08-2024,29-06-2024,6.51,Yes,No,2016,67,57,Cox LLC,1152324,1376944,1065115,2907191,"Padilla, Calhoun and Bradford",50,93,21,98232,9708,1263,No,No,871,Yes,381,6,Yes,No,No,Yes,Party Club,Weekly,No,Yes,46851,Rachel Bennett,10,No,No,Civil,Computer Engineering,Particularly tonight eye defense agency.,Bar reality risk just worker.,Yes,Yearly,611,Palau,Different,No,Yes,Yes,Yes,Yes,No,Yes,Yes,Yes,Yes
"Bryant, Whitehead and Ali",North Mary,Utah,38,UGC,"Lopez, Lopez and Lynn University",1958,150,621,291,17,https://walsh-fuller.com/,Arts,Graduation with 55%,None,50,03-02-2024,01-03-2024,Reserved,SC,1393,Online,Marksheet,25-01-2024,04-05-2024,401083,54349,45704,6457,542677,Even Scholarship,Need-Based,33860,No,No,Stewart-Johnson,Debit Card,3,Already,Next,PhD,7,Lectures,85,21-02-2024,09-08-2024,12-02-2024,7.82,Yes,Yes,2013,78,62,Vang-Wallace,622380,324054,1298787,2636420,Bailey and Sons,31,104,41,10922,6580,521,No,Yes,1574,Yes,377,28,No,Yes,Yes,No,Color Club,Weekly,No,No,5285,Cindy Stewart,3,Yes,No,Computer Science,Rise Engineering,Military push impact whom door at recent.,True out positive.,Yes,Monthly,833,Malawi,Different,Yes,Yes,No,No,No,No,Yes,Yes,Yes,Yes
"Hicks, Nash and Andrews",Jenniferburgh,Hawaii,26,UGC,"Lewis, Small and Williams University",1954,46,479,241,28,http://www.paul-santos.net/,Science,12th Grade with 60%,JEE,100,15-06-2024,27-05-2024,Reserved,ST,1945,Offline,Marksheet,27-04-2024,06-05-2024,302723,74944,20451,6807,415732,Impact Scholarship,Category-Based,29827,Yes,No,Harris-Newton,Debit Card,3,Leader,Recent,PhD,26,Project-Based,73,26-02-2024,04-04-2024,17-03-2024,6.32,No,Yes,2019,94,98,"Smith, Fischer and Nunez",864830,409692,2026013,1439211,Reynolds Inc,44,17,19,40071,4566,943,Yes,Yes,820,No,326,43,No,No,No,Yes,How Club,Monthly,Yes,No,88893,Maria Velazquez,1,Yes,Yes,Mechanical,Cut Engineering,Before program left save hear nation glass.,Area teacher health economy.,Yes,Yearly,557,Belize,Different,Yes,No,No,Yes,Yes,Yes,No,Yes,No,No
Hall Ltd,Justinport,Colorado,90,NAAC,Miller Ltd University,1955,444,188,193,7,http://www.thompson.com/,Arts,Graduation with 55%,CAT,63,19-07-2024,10-03-2024,Management,OBC,1582,Offline,Marksheet,05-02-2024,27-04-2024,383504,21049,34208,11711,97160,Skin Scholarship,Need-Based,81837,Yes,No,"Porter, Horn and Neal",Credit Card,5,Only,List,MBA,16,Lectures,60,15-04-2024,21-05-2024,25-02-2024,9.05,No,No,2013,65,56,Hansen LLC,974795,344157,2747938,1865636,Newton Group,20,78,24,65636,3096,848,Yes,Yes,1876,No,445,25,No,No,No,No,Area Club,Yearly,Yes,No,34091,Megan Benson,2,Yes,Yes,Law,Truth Engineering,Leader eye resource rise.,Play with politics open four.,Yes,Yearly,398,Brazil,Similar,Yes,No,Yes,No,Yes,No,Yes,Yes,No,Yes
Hall-Tran,Breannaland,Utah,46,UGC,Hardy-Nelson University,1951,368,152,78,10,http://ramsey-martin.org/,Arts,Entrance Exam,JEE,95,30-04-2024,04-03-2024,Management,OBC,682,Offline,Photo,23-02-2024,13-01-2024,247312,63941,33865,5884,404320,Design Scholarship,Category-Based,71049,No,No,"Hicks, Morgan and Robertson",Credit Card,5,Heart,Republican,MSc,32,Lectures,33,31-05-2024,20-05-2024,07-08-2024,8.51,Yes,Yes,2012,71,100,Neal-Payne,829842,593714,1611142,1212621,"Thomas, Scott and Fox",64,66,49,75981,339,616,Yes,Yes,1141,No,466,33,No,No,Yes,Yes,Few Club,Monthly,Yes,No,1510,Melissa Frey,6,Yes,Yes,Law,Perhaps Engineering,Continue significant participant huge option good new sister.,Traditional road specific bring along.,No,Yearly,945,Chile,Different,No,No,No,No,No,No,Yes,No,Yes,Yes
Pierce Ltd,South Heather,Georgia,152,NAAC,Chapman PLC University,1975,438,996,63,47,https://www.bates.com/,Business,Graduation with 55%,JEE,63,13-07-2024,29-06-2024,General,General,1288,Offline,ID Proof,26-04-2024,02-01-2024,128661,88369,40608,15825,424975,Natural Scholarship,Category-Based,91671,Yes,Yes,Schroeder Ltd,Debit Card,2,Remain,Cell,MSc,24,Online,45,04-05-2024,26-03-2024,26-05-2024,8.73,No,No,2012,88,73,"Jackson, Fowler and Harrison",637478,486466,509604,809548,Baldwin-Barnes,50,24,44,48842,1900,1032,Yes,Yes,1586,Yes,483,31,Yes,Yes,Yes,Yes,Cold Club,Monthly,No,Yes,64023,Melanie Fernandez,1,Yes,Yes,Computer Science,Wide Engineering,Beat federal result not later thank piece.,Young what create forward heart administration.,No,Monthly,70,South Georgia and the South Sandwich Islands,Similar,Yes,No,Yes,No,Yes,No,Yes,No,No,Yes
Kirby LLC,Port Joseph,North Carolina,118,UGC,"Burton, Myers and Velazquez University",1973,110,142,90,36,http://reed-key.com/,Engineering,12th Grade with 60%,CAT,,30-01-2024,19-07-2024,General,OBC,1183,Offline,ID Proof,20-04-2024,11-02-2024,124577,96175,24268,18401,498329,Crime Scholarship,Need-Based,89156,Yes,No,Boyle Ltd,Net Banking,3,Hair,Become,MSc,34,Practical,53,19-04-2024,01-08-2024,25-08-2024,6.16,No,No,2020,81,88,Lee PLC,721119,834504,1068780,568708,"Curry, Norris and Young",62,64,40,62236,2602,1401,No,No,1234,Yes,387,35,No,Yes,Yes,No,Collection Club,Monthly,No,No,29187,Samuel Johnson,10,No,Yes,Business,Idea Engineering,Change success describe never.,Individual such bank anything teach image.,No,Yearly,881,Spain,Similar,No,No,No,Yes,No,Yes,No,Yes,Yes,Yes
Miller and Sons,Lake Joshua,Arkansas,82,AICTE,Rodriguez-Bryant University,1999,285,462,214,36,https://owens.com/,Science,Graduation with 55%,CAT,67,02-05-2024,26-08-2024,General,ST,1227,Offline,ID Proof,06-01-2024,24-03-2024,303226,56805,10244,11674,574269,Pm Scholarship,Merit-Based,51718,Yes,Yes,"Boyd, Johnson and Montoya",Debit Card,4,Represent,Raise,MTech,13,Lectures,97,05-02-2024,31-07-2024,15-03-2024,6.11,Yes,Yes,2020,87,100,Bell-Clay,933641,767849,1957863,1991719,Mendoza LLC,45,185,30,96727,4961,1356,No,No,542,Yes,481,15,No,No,Yes,Yes,Tv Club,Weekly,Yes,Yes,66246,Sandra Young,5,Yes,No,Arts,Sometimes Engineering,Effect reason itself bed.,Which participant become anything knowledge send.,Yes,Weekly,252,Iceland,Similar,No,No,Yes,Yes,Yes,Yes,Yes,No,No,No
"Gonzalez, Lopez and Rose",West Jennifer,Oklahoma,10,NAAC,"Mack, Smith and Simpson University",1991,94,462,79,36,https://www.garrett-anderson.org/,Arts,12th Grade with 60%,SAT,95,25-06-2024,18-02-2024,Management,OBC,976,Online,Marksheet,28-01-2024,29-01-2024,453976,91112,21264,19108,340401,Production Scholarship,Merit-Based,93077,No,Yes,Palmer Inc,UPI,4,Once,Product,MBA,39,Project-Based,21,12-04-2024,12-02-2024,12-05-2024,9.62,No,Yes,2018,83,52,Gregory-Henry,1144886,1235143,831513,2577906,Gonzalez Inc,81,141,44,72223,7533,1191,No,No,481,Yes,151,22,Yes,Yes,No,Yes,Rest Club,Yearly,No,Yes,73257,Jessica Flores,8,Yes,Yes,Civil,Name Engineering,Wind day board ahead.,Statement professional main threat executive.,No,Monthly,356,Taiwan,Similar,Yes,No,Yes,Yes,Yes,Yes,No,Yes,Yes,Yes
Gray-Downs,West Ruthbury,Florida,118,NBA,"Anderson, Coleman and Jackson University",1970,264,364,286,34,http://www.williamson.com/,Engineering,Graduation with 55%,NEET,87,16-02-2024,12-06-2024,General,General,1549,Offline,Photo,09-04-2024,28-02-2024,255431,29806,33028,18195,325174,Defense Scholarship,Category-Based,29890,Yes,No,Carter-Shaw,UPI,1,Cultural,General,MSc,22,Practical,49,19-01-2024,05-04-2024,06-08-2024,6.74,Yes,No,2016,89,83,Villegas-Thompson,1241023,1386567,1481791,1348442,"Williamson, Barron and Evans",87,130,6,71972,8877,162,No,Yes,766,No,314,26,Yes,No,Yes,No,High Club,Yearly,No,Yes,13018,Joshua Gill,7,Yes,No,Computer Science,Note Engineering,Project factor Republican.,Live water happen suffer will treatment send.,No,Monthly,128,Puerto Rico,Similar,Yes,Yes,Yes,Yes,Yes,Yes,Yes,No,Yes,Yes
"Brown, Fernandez and Lewis",East Kimville,New York,124,NBA,"Davis, Delacruz and Williams University",1966,358,894,209,10,https://www.olsen.com/,Arts,Entrance Exam,None,83,14-02-2024,01-01-2024,Management,General,1726,Offline,ID Proof,14-08-2024,27-01-2024,462348,21191,38042,13841,298513,Reality Scholarship,Category-Based,25413,No,Yes,Wade PLC,Debit Card,2,Majority,Still,PhD,14,Online,86,12-03-2024,01-03-2024,17-06-2024,6.82,No,No,2013,65,91,Wade-Cardenas,1067495,1117971,1498403,2420788,Stewart and Sons,30,157,50,73193,176,1788,Yes,Yes,1883,No,494,41,Yes,Yes,Yes,No,Think Club,Weekly,No,Yes,9332,Madison Mcdonald,10,Yes,No,Civil,Must Engineering,Color again serve plant.,Public good order participant leave.,No,Yearly,877,Switzerland,Similar,Yes,No,Yes,No,Yes,No,No,Yes,Yes,Yes
"Johnson, Bell and Church",Lake Zachary,Virginia,78,AICTE,"Sandoval, Marks and Mitchell University",1999,357,869,382,14,https://www.solomon.com/,Engineering,12th Grade with 60%,None,,17-01-2024,23-06-2024,Reserved,ST,1192,Online,Marksheet,12-05-2024,11-04-2024,244486,85015,12382,8206,72108,Seem Scholarship,Need-Based,63675,Yes,No,Perry Inc,Credit Card,3,Hotel,Important,MBA,26,Lectures,94,28-04-2024,24-03-2024,24-06-2024,8.57,No,No,2014,72,79,"Crane, Quinn and Bowers",1235870,453266,1601773,935447,Fox-Brown,55,150,35,44200,8614,1697,Yes,No,409,No,372,45,No,Yes,Yes,Yes,Or Club,Weekly,No,Yes,20089,John Jones,9,No,Yes,Electrical,Write Engineering,Might Republican high decision in.,Various smile brother likely son.,No,Yearly,495,Bahrain,Similar,Yes,Yes,Yes,Yes,No,No,Yes,Yes,Yes,Yes
"Chase, Calhoun and Lee",New Kathrynville,Georgia,175,UGC,Rodriguez PLC University,1986,44,492,52,48,https://www.bowers.com/,Engineering,12th Grade with 60%,None,58,03-08-2024,17-06-2024,Reserved,ST,608,Offline,Photo,14-04-2024,30-04-2024,338152,83197,35564,14769,464224,Mention Scholarship,Need-Based,67128,Yes,No,"Jacobson, Martin and Contreras",Net Banking,2,Natural,Player,MTech,25,Online,48,21-07-2024,12-08-2024,25-03-2024,7.96,Yes,No,2022,58,77,Lopez-Williams,1349078,1308358,622657,2221713,"Pham, Lewis and Noble",25,109,49,6172,1602,1417,No,No,1494,No,136,35,Yes,No,No,No,Style Club,Yearly,Yes,No,63948,Laura Baker,4,Yes,No,Computer Science,Experience Engineering,Response memory must test over top affect.,Daughter author me light too.,No,Yearly,240,Belize,Different,No,No,Yes,No,Yes,Yes,Yes,Yes,Yes,Yes
Mann and Sons,New Samuel,Louisiana,68,AICTE,"Middleton, Burnett and Shepard University",1984,380,88,302,8,http://www.morse.com/,Business,Graduation with 55%,SAT,51,29-07-2024,03-01-2024,Management,OBC,1122,Online,Photo,04-08-2024,29-07-2024,340432,42780,47691,8922,412201,Off Scholarship,Need-Based,60494,Yes,No,Knight-Allen,Debit Card,2,Ahead,Drug,MBA,2,Project-Based,81,02-07-2024,23-01-2024,18-02-2024,9.94,Yes,Yes,2018,65,77,Phillips-Navarro,945758,394817,876120,705011,"James, King and Cook",59,14,24,92393,3433,1551,No,Yes,1678,No,127,3,Yes,Yes,Yes,No,Station Club,Weekly,Yes,No,56945,Tabitha Reyes,10,Yes,No,Business,Assume Engineering,Education official growth stay heart simply long.,Food business amount early detail like within.,No,Monthly,529,Mayotte,Different,No,Yes,No,Yes,Yes,Yes,Yes,Yes,Yes,No
Bauer Group,Thomasberg,Iowa,40,AICTE,Carr-Smith University,1990,5,296,433,43,http://espinoza.biz/,Arts,12th Grade with 60%,CAT,78,23-08-2024,26-06-2024,Reserved,ST,1543,Online,Address Proof,13-06-2024,02-04-2024,207698,88699,21045,8032,401567,Western Scholarship,Merit-Based,13199,No,No,Rodriguez-Atkinson,Credit Card,5,Nearly,Big,MSc,9,Practical,29,01-07-2024,05-01-2024,10-08-2024,8.06,No,No,2011,100,93,"Harrison, Stevens and Johnson",1199681,809561,1500263,2979935,"Walters, Clark and Ross",88,189,27,5314,2124,1939,No,No,585,Yes,56,40,No,Yes,No,Yes,How Club,Monthly,No,No,66415,John Pruitt,10,Yes,No,Law,Writer Engineering,Rather dark between today.,Manage program toward information.,No,Weekly,47,British Indian Ocean Territory (Chagos Archipelago),Different,Yes,No,No,No,No,No,No,No,No,No
Thomas Inc,Guerreroborough,Delaware,81,AICTE,Cooper-Torres University,2019,405,528,288,30,https://young.com/,Engineering,12th Grade with 60%,CAT,97,05-01-2024,08-06-2024,General,SC,543,Offline,Address Proof,22-04-2024,02-04-2024,65038,52661,12938,12461,284831,Sport Scholarship,Merit-Based,38042,No,No,"Bond, Mason and Ford",Net Banking,1,Available,World,MTech,14,Online,22,07-06-2024,14-08-2024,10-03-2024,7.01,No,No,2024,64,94,Bentley-Mendoza,606104,1490833,622749,1412932,Davis PLC,46,54,40,28901,3186,1601,No,No,1031,No,178,34,No,Yes,Yes,No,Democratic Club,Weekly,No,Yes,73988,Katrina Donaldson,8,Yes,Yes,Electrical,Another Engineering,National dream girl group spring development.,Maintain hear play of former.,Yes,Monthly,215,Greenland,Different,No,No,No,Yes,No,Yes,Yes,No,Yes,Yes
Perry Inc,Lake Aliciaborough,Kansas,105,NAAC,Harris Ltd University,1972,460,500,258,43,http://www.thornton.com/,Science,Entrance Exam,JEE,,28-04-2024,10-07-2024,General,General,606,Offline,Marksheet,28-03-2024,18-04-2024,266598,31944,47433,12564,375897,Table Scholarship,Need-Based,12244,No,Yes,"Lane, Webb and Jackson",Debit Card,2,Support,Fire,MTech,40,Practical,59,23-07-2024,07-07-2024,29-05-2024,8.77,No,Yes,2023,57,96,Lamb LLC,1262568,796940,2425310,1981372,"Roberts, Nelson and Alvarez",20,71,47,73185,8315,718,Yes,Yes,1676,Yes,174,36,No,No,Yes,No,Development Club,Monthly,No,Yes,58810,Katherine Ramirez,8,No,Yes,Computer Science,Trip Engineering,Under require form make shoulder.,Ever indicate outside center will interesting radio.,No,Yearly,90,Latvia,Similar,No,Yes,Yes,No,Yes,No,No,No,No,No
"Shannon, Ellis and Mahoney",Port Brian,Kentucky,179,NBA,"Hernandez, Carey and Richmond University",2020,268,919,66,20,https://www.cannon.com/,Law,Entrance Exam,SAT,,10-08-2024,27-07-2024,Management,SC,1235,Online,ID Proof,09-04-2024,01-06-2024,284965,68630,12707,9908,105185,Mother Scholarship,Merit-Based,70356,No,No,Adams-Murray,Debit Card,5,Think,Series,MBA,8,Practical,59,09-04-2024,03-03-2024,28-03-2024,8.09,No,Yes,2021,77,54,Aguilar PLC,1353122,403607,1122743,2574613,"Wells, Odonnell and Leonard",72,127,16,87374,3235,1045,No,Yes,411,Yes,500,24,Yes,No,Yes,No,Per Club,Monthly,No,Yes,24827,Marc Payne,7,No,No,Electrical,Against Engineering,Nice training at sometimes population tough.,Professor forget institution although condition.,No,Weekly,671,Korea,Similar,No,Yes,No,No,No,No,Yes,No,Yes,No
Collins-Tucker,Larryborough,Idaho,116,NBA,Harris-Solomon University,1968,251,294,392,48,http://herrera-diaz.com/,Law,Graduation with 55%,None,67,29-03-2024,04-07-2024,Management,SC,728,Online,ID Proof,22-01-2024,17-05-2024,260809,87901,27254,14870,359955,Rest Scholarship,Merit-Based,54884,Yes,Yes,"Howard, Buck and Byrd",Debit Card,2,Same,Student,PhD,33,Project-Based,62,23-06-2024,06-02-2024,08-01-2024,7.48,No,Yes,2021,64,71,Swanson-Brown,937079,1255016,676329,1507838,Morgan LLC,47,173,7,37092,6895,466,No,No,1843,Yes,312,49,Yes,No,Yes,Yes,Senior Club,Yearly,No,No,51242,Lisa Allen,2,Yes,Yes,Law,While Engineering,Condition watch six drug responsibility new side.,Make institution plan politics support lawyer.,No,Weekly,214,Latvia,Similar,Yes,Yes,Yes,No,Yes,No,Yes,Yes,Yes,Yes
Riley PLC,Michelleview,Montana,149,AICTE,Rodriguez-Simmons University,1977,351,415,443,20,https://www.mclean-patterson.com/,Engineering,Graduation with 55%,JEE,66,12-06-2024,30-07-2024,Management,SC,1372,Online,Address Proof,16-07-2024,07-02-2024,440624,88928,25955,14765,514278,Heart Scholarship,Category-Based,73003,Yes,Yes,Smith Inc,Debit Card,1,Simply,Despite,PhD,22,Practical,61,13-01-2024,15-04-2024,20-03-2024,8.37,No,No,2015,74,96,Arnold Ltd,674866,953244,1013056,861678,"Kelly, Bell and Nichols",58,179,26,84921,3901,1022,No,Yes,1526,No,213,8,Yes,Yes,No,No,Could Club,Monthly,Yes,Yes,30878,Jessica Bailey,8,No,Yes,Computer Science,Dog Engineering,Bed safe detail nice.,Player recognize blue reduce chair.,Yes,Weekly,246,United States of America,Similar,No,No,No,No,Yes,Yes,No,Yes,Yes,No
"Parker, Pierce and Owens",East Margaret,North Carolina,22,NBA,Gentry LLC University,2015,215,447,99,24,https://www.mills-jones.info/,Science,Entrance Exam,None,52,07-08-2024,21-02-2024,General,General,515,Online,ID Proof,17-05-2024,06-07-2024,139283,44519,19968,11773,80207,Military Scholarship,Category-Based,95799,No,No,"Rojas, Andrews and Nielsen",Credit Card,3,Meeting,Seem,MSc,5,Practical,52,29-03-2024,08-07-2024,27-04-2024,6,Yes,Yes,2018,53,68,Wright LLC,587534,630098,2228106,1719434,"Scott, Gaines and Carrillo",40,95,49,34571,1240,1676,No,No,323,Yes,74,36,Yes,Yes,No,No,Middle Club,Yearly,Yes,Yes,98546,Ryan Gardner,10,No,No,Law,Home Engineering,Market party seek gas phone Republican special.,Light hit wrong later.,Yes,Monthly,147,Libyan Arab Jamahiriya,Similar,Yes,Yes,Yes,No,No,No,No,Yes,Yes,No
"Clark, Moore and Murphy",Danielfort,New Hampshire,174,NBA,Allen-Wallace University,1967,6,758,304,17,http://www.nguyen.com/,Law,Graduation with 55%,SAT,96,09-05-2024,07-08-2024,General,General,1527,Offline,Photo,25-01-2024,19-03-2024,296275,22693,21696,6973,98739,Word Scholarship,Category-Based,82930,Yes,Yes,Klein-Shaffer,UPI,3,Late,Accept,MSc,15,Practical,62,26-07-2024,25-06-2024,09-05-2024,8.08,Yes,Yes,2014,60,61,"Gay, Hall and Rubio",635394,464325,1909930,2253789,"Russell, James and Sawyer",58,55,24,73229,6951,1437,Yes,Yes,282,Yes,221,2,Yes,No,No,No,Consumer Club,Yearly,No,Yes,87675,Benjamin Miller,1,No,No,Mechanical,Indicate Engineering,Home fire real among public debate.,Receive carry already local minute dark town.,No,Monthly,191,Suriname,Similar,Yes,Yes,No,No,Yes,Yes,No,No,No,No
"Henson, Nicholson and Sullivan",Johnsonton,Iowa,151,AICTE,Brown Group University,1971,225,332,402,28,https://www.palmer.biz/,Science,Graduation with 55%,NEET,,18-08-2024,29-01-2024,General,ST,759,Offline,Photo,06-08-2024,09-07-2024,140892,55732,22250,18574,102053,Him Scholarship,Need-Based,45200,No,No,Charles-Black,Debit Card,3,Back,Expert,PhD,39,Project-Based,64,07-04-2024,16-03-2024,12-05-2024,8.56,No,Yes,2011,58,58,Dyer Ltd,518607,540524,2063566,1316584,"King, Cooke and Schultz",87,58,23,68839,3806,1931,Yes,Yes,372,Yes,293,15,No,Yes,No,Yes,Role Club,Weekly,Yes,Yes,88884,Megan Matthews,1,Yes,Yes,Arts,Simple Engineering,Run quality across race mean for.,Risk free off develop religious we then few.,Yes,Monthly,594,Israel,Different,No,Yes,Yes,No,No,Yes,No,No,No,Yes
Roach PLC,North Amanda,Utah,123,UGC,"Hernandez, Hunter and Ward University",1976,182,534,495,19,https://christensen.com/,Engineering,12th Grade with 60%,NEET,73,05-04-2024,02-05-2024,Management,OBC,1300,Offline,Address Proof,16-02-2024,12-02-2024,69107,39219,43862,6364,458847,Entire Scholarship,Category-Based,49525,Yes,Yes,"Thomas, Duffy and Phillips",UPI,4,Change,Back,PhD,36,Practical,38,21-05-2024,06-06-2024,29-02-2024,9.49,No,No,2022,86,87,Adams-Reed,479782,771736,2013199,540788,Johns and Sons,62,193,37,31673,8334,1730,No,No,815,No,391,42,No,No,Yes,Yes,Condition Club,Yearly,No,Yes,11547,Tanya Lopez,1,No,Yes,Business,Light Engineering,Conference after animal.,Too those approach join bill international account.,No,Weekly,823,Pitcairn Islands,Different,Yes,Yes,No,Yes,No,No,Yes,Yes,No,Yes
Carr-Mays,Washingtonburgh,Montana,133,AICTE,Estrada Ltd University,1990,200,823,367,26,http://www.robertson.info/,Law,Graduation with 55%,JEE,,01-06-2024,26-06-2024,General,SC,620,Offline,Address Proof,24-02-2024,08-06-2024,247312,59559,13173,17553,414644,Fear Scholarship,Category-Based,62455,No,No,"Acosta, Davis and Schmidt",Credit Card,3,TRUE,Say,MTech,12,Project-Based,56,04-04-2024,24-03-2024,12-01-2024,9.61,Yes,Yes,2016,54,84,"Jones, Gibson and Valdez",1213771,1100788,1726893,2391968,Anderson-Cooper,35,86,42,39441,3106,733,No,No,1221,No,152,19,No,No,No,Yes,Than Club,Yearly,Yes,No,62950,Joyce Rogers,3,No,Yes,Electrical,Own Engineering,Image side meeting traditional.,Couple increase them television person degree.,Yes,Weekly,239,New Zealand,Different,Yes,No,Yes,No,Yes,Yes,Yes,No,Yes,Yes
"Miller, Hogan and Knight",Moralesland,Nevada,14,AICTE,Donovan-Williams University,1975,280,757,217,22,http://www.tran-kline.org/,Arts,12th Grade with 60%,None,,28-08-2024,29-07-2024,Management,ST,1936,Online,Photo,13-06-2024,04-02-2024,99784,30966,33573,15453,194588,Certainly Scholarship,Category-Based,12765,No,Yes,"Mitchell, Shaw and Duncan",Debit Card,1,Source,Hand,PhD,12,Online,38,03-06-2024,23-03-2024,18-07-2024,9.18,Yes,No,2016,78,66,Wise-Christian,500330,1358210,1125962,1341133,Carey LLC,36,59,35,32195,1507,1120,Yes,Yes,343,Yes,461,43,Yes,No,No,Yes,Would Club,Yearly,No,No,87508,Christine Mccarty,3,Yes,Yes,Civil,Nothing Engineering,Reason catch shake.,Sign data wish true.,No,Yearly,834,Hong Kong,Similar,No,No,Yes,No,Yes,No,No,Yes,No,No
Johnson Ltd,Perrybury,Indiana,32,AICTE,Prince PLC University,2005,385,891,231,40,http://hoffman-powers.com/,Engineering,Entrance Exam,CAT,67,27-05-2024,18-05-2024,Reserved,General,1387,Online,Marksheet,10-03-2024,06-06-2024,137857,74175,39737,5480,173838,Example Scholarship,Category-Based,56683,Yes,No,Rios-Grant,UPI,2,Conference,Despite,MTech,21,Project-Based,44,10-08-2024,11-08-2024,08-03-2024,8.15,Yes,Yes,2016,52,74,Callahan Ltd,650700,1017592,1632258,2299224,Walker Group,20,195,20,11635,2402,394,Yes,No,1772,No,440,31,No,No,No,No,Budget Club,Monthly,No,Yes,59895,Nicole Whitney,9,No,Yes,Mechanical,Coach Engineering,Room ahead southern her bar data.,Whole matter bank value time notice.,No,Monthly,523,Palestinian Territory,Different,Yes,Yes,No,No,Yes,Yes,No,Yes,Yes,Yes
"Ramirez, Dougherty and Edwards",West Stevenhaven,Texas,174,UGC,Jordan Inc University,1972,439,492,193,35,http://chase-salazar.biz/,Law,Graduation with 55%,CAT,51,06-08-2024,25-04-2024,Reserved,OBC,1858,Online,ID Proof,17-06-2024,17-01-2024,300236,48306,34005,18257,243312,Order Scholarship,Need-Based,50825,Yes,No,Torres and Sons,Debit Card,4,Hit,Effect,MBA,26,Lectures,79,16-05-2024,07-07-2024,27-05-2024,8.68,Yes,Yes,2018,78,52,Boyd-Buckley,1353582,655928,1063987,679002,Jacobs-Rojas,46,164,50,40145,7059,546,No,No,713,No,133,41,No,Yes,Yes,Yes,Difficult Club,Monthly,No,Yes,84184,Marvin Brooks,1,Yes,No,Computer Science,Police Engineering,Property game drive tough energy organization.,Certain and gun effect why feeling.,Yes,Weekly,890,Yemen,Similar,No,Yes,Yes,No,No,Yes,No,Yes,Yes,No
Drake Inc,Pottermouth,South Carolina,187,NBA,Rose-Sweeney University,2007,34,623,183,6,https://www.strickland.biz/,Arts,Graduation with 55%,NEET,80,08-06-2024,07-03-2024,General,SC,1410,Offline,Address Proof,22-07-2024,23-05-2024,282060,71258,20557,5782,579662,At Scholarship,Need-Based,65391,Yes,Yes,"Cantrell, Cardenas and Ross",Net Banking,3,Of,Treat,MSc,7,Practical,72,11-01-2024,03-02-2024,28-04-2024,9.77,Yes,No,2011,64,87,Nicholson-Hudson,1257526,379203,1886546,2463664,Mullins-Smith,52,61,30,33324,3103,1359,Yes,Yes,269,Yes,321,42,No,No,No,No,Enter Club,Weekly,Yes,No,48397,Albert Roberts,6,Yes,Yes,Computer Science,Establish Engineering,Player reveal treatment attorney.,Detail home act here.,Yes,Monthly,725,Tajikistan,Different,No,No,Yes,No,No,No,No,No,Yes,Yes
"Boyle, Carson and Potter",West Sarah,Ohio,48,UGC,Taylor and Sons University,1953,5,866,99,48,https://www.lloyd.info/,Law,Entrance Exam,None,50,04-07-2024,05-02-2024,General,General,571,Offline,Photo,04-07-2024,03-05-2024,175638,83876,34794,16936,349824,Market Scholarship,Category-Based,57191,No,No,"Summers, Jackson and Knox",Net Banking,3,Represent,Material,MBA,30,Online,58,18-06-2024,27-06-2024,24-07-2024,9.18,No,No,2023,63,58,Cherry-Woods,346355,1120025,1411452,1164942,Payne-Williams,80,17,26,9259,3918,751,Yes,No,353,No,364,41,Yes,Yes,No,No,Exactly Club,Monthly,No,No,57794,Alicia Lee,5,No,Yes,Civil,Recently Engineering,Per often listen scientist goal wear long get.,Middle necessary next theory.,Yes,Yearly,82,Comoros,Similar,Yes,Yes,No,No,No,Yes,No,Yes,No,Yes
"Farmer, Hutchinson and Thomas",West Steven,Utah,158,UGC,"Jones, Ramirez and Sharp University",2019,440,381,172,30,https://vega.biz/,Science,Graduation with 55%,JEE,,06-04-2024,15-07-2024,Reserved,General,1997,Offline,ID Proof,19-04-2024,20-01-2024,296128,94830,23431,11245,335549,Serious Scholarship,Merit-Based,97572,Yes,Yes,Padilla Group,Debit Card,1,Read,Beautiful,MTech,32,Practical,71,18-04-2024,20-05-2024,29-06-2024,7.38,Yes,Yes,2017,81,87,Smith PLC,1346695,589589,2028806,1268451,Clark LLC,77,179,11,23678,5754,126,Yes,Yes,1225,No,78,31,No,No,No,Yes,Paper Club,Weekly,No,Yes,89055,Casey Johnson,2,Yes,Yes,Law,Energy Engineering,Describe argue leave present give discover raise.,Throughout energy support red end.,Yes,Weekly,540,Bahrain,Similar,No,No,Yes,Yes,No,No,No,No,No,No
Oneal-Mcdaniel,Emilyville,Georgia,156,AICTE,"Huynh, Hill and Moore University",2005,70,71,495,24,http://www.arroyo.com/,Law,Graduation with 55%,JEE,79,16-02-2024,08-07-2024,General,ST,1814,Offline,ID Proof,22-02-2024,01-02-2024,437113,84219,36459,15688,125974,Yourself Scholarship,Need-Based,62066,Yes,Yes,Bernard-Henderson,Net Banking,5,Purpose,Final,PhD,13,Lectures,44,05-02-2024,04-08-2024,19-02-2024,8.95,No,Yes,2014,71,67,Warren-Reynolds,1193840,559091,637126,621187,Jackson-Perry,44,123,33,54444,8981,621,Yes,Yes,877,No,82,23,No,No,Yes,No,Low Club,Monthly,No,No,8115,Ashley Alexander DDS,5,Yes,Yes,Business,My Engineering,Activity police provide raise leave.,Near maybe business study.,Yes,Monthly,762,Swaziland,Similar,No,No,No,No,No,Yes,Yes,No,Yes,Yes
Ramirez Group,Stevensburgh,Hawaii,45,NAAC,"Boone, Ryan and Watson University",1977,226,610,460,35,http://www.king.org/,Arts,Graduation with 55%,SAT,97,15-06-2024,30-07-2024,Reserved,SC,1664,Offline,ID Proof,25-02-2024,25-03-2024,455577,47840,20984,13149,376290,Fast Scholarship,Category-Based,44772,Yes,No,Montoya-Watkins,UPI,3,Concern,A,MSc,5,Lectures,80,08-05-2024,17-07-2024,11-07-2024,7.35,No,No,2013,70,52,"Newman, White and Duarte",1130310,1032276,2293227,610279,Moon and Sons,26,165,13,92150,5759,1901,No,Yes,225,No,417,9,Yes,Yes,No,Yes,Spend Club,Weekly,No,No,25303,Marissa Patterson,4,Yes,No,Electrical,To Engineering,Chance article result play including.,Stand from with central protect heart radio.,No,Monthly,488,Saudi Arabia,Different,No,Yes,No,No,No,Yes,Yes,Yes,No,Yes
"Hawkins, Perez and Anderson",West Amberfort,Kansas,142,UGC,Ford-Anderson University,2002,26,119,494,12,http://mccullough.com/,Law,12th Grade with 60%,JEE,93,18-02-2024,27-02-2024,General,OBC,521,Online,Address Proof,23-08-2024,03-07-2024,422774,40420,13795,6339,262394,Become Scholarship,Merit-Based,19914,No,Yes,Gonzalez LLC,Net Banking,1,Rest,Person,MSc,35,Lectures,34,12-06-2024,14-04-2024,24-04-2024,7.66,Yes,Yes,2011,72,74,Phillips LLC,589364,413329,2325883,1728618,Johnson-Nguyen,90,55,22,36741,811,1101,Yes,Yes,375,No,299,10,No,Yes,Yes,Yes,Phone Club,Monthly,Yes,Yes,73654,Elizabeth Rodriguez,1,Yes,Yes,Law,Which Engineering,Country church week partner collection.,He common according.,No,Weekly,429,Mozambique,Similar,Yes,Yes,Yes,Yes,Yes,No,Yes,No,No,No
"Soto, Cuevas and Hill",Lake Gabrielamouth,New Hampshire,19,NBA,Santiago Inc University,1960,167,518,118,41,https://www.coleman.com/,Engineering,Graduation with 55%,CAT,80,02-08-2024,14-05-2024,General,ST,1241,Offline,ID Proof,29-04-2024,20-01-2024,406869,65550,46867,16768,213622,Stop Scholarship,Category-Based,81694,Yes,No,Molina LLC,Net Banking,4,Box,Ask,MTech,18,Practical,80,03-02-2024,30-06-2024,04-02-2024,6.47,No,No,2020,55,66,Mendoza LLC,519030,990362,577619,757037,"Warner, Flores and Baker",31,187,50,97766,9611,1960,No,No,729,No,201,11,No,No,No,Yes,Traditional Club,Weekly,No,Yes,49180,Ann Gibson,1,No,No,Civil,Throughout Engineering,Final structure foreign particularly second what debate.,Foot effect turn.,No,Weekly,315,Tonga,Different,No,Yes,No,No,Yes,No,No,No,Yes,No
Parsons Ltd,Knoxton,Iowa,145,NAAC,Smith-Salas University,1988,138,706,305,39,https://shelton-henderson.org/,Arts,12th Grade with 60%,CAT,,23-04-2024,28-08-2024,Management,General,1947,Offline,ID Proof,15-02-2024,22-01-2024,283429,82456,29011,17338,558065,Why Scholarship,Need-Based,67454,No,No,Miller-Moore,Credit Card,5,Happen,Over,PhD,37,Lectures,49,30-04-2024,24-03-2024,28-07-2024,7.52,Yes,Yes,2012,63,83,Elliott-Norris,393965,356193,554696,1093439,"Smith, Gordon and Hopkins",77,67,37,45556,7216,202,Yes,No,461,Yes,122,14,Yes,No,No,No,South Club,Weekly,No,No,16106,Adriana Vargas,8,Yes,Yes,Electrical,Day Engineering,Tend nothing happy team choice respond.,Tax go amount federal worker.,Yes,Yearly,488,Colombia,Different,No,Yes,Yes,Yes,Yes,No,Yes,No,Yes,Yes
Smith-Lewis,Port Jessica,Kentucky,182,AICTE,Gallagher-Anderson University,1964,391,560,179,27,https://lopez.com/,Science,Graduation with 55%,JEE,69,06-03-2024,25-04-2024,Management,SC,1104,Offline,Marksheet,16-06-2024,03-01-2024,263518,41569,25347,7908,125698,Yes Scholarship,Merit-Based,34999,Yes,No,Oconnor Inc,Credit Card,4,Once,Baby,MBA,26,Project-Based,89,01-01-2024,04-06-2024,06-03-2024,7.4,Yes,Yes,2017,57,76,"Gonzalez, Gomez and Lowery",1059245,1450055,1416289,2493104,Booth-Nguyen,15,12,46,34687,8753,101,Yes,No,1048,No,305,26,Yes,No,Yes,No,Outside Club,Weekly,No,No,52413,Roger French,4,Yes,No,Law,Stock Engineering,Young last however able air everything detail.,Expert little remember job building place.,No,Monthly,98,Iran,Similar,No,Yes,No,No,No,No,No,Yes,Yes,Yes
Watson Inc,Ericside,South Dakota,79,NBA,Olson-Baker University,1983,26,267,428,47,https://www.massey.com/,Business,Entrance Exam,None,66,22-08-2024,25-08-2024,General,General,1040,Online,Marksheet,31-03-2024,13-05-2024,126943,81501,37045,13574,206711,Crime Scholarship,Merit-Based,26410,No,Yes,"Fuentes, Page and Brown",Net Banking,1,Scene,Along,PhD,29,Practical,76,13-06-2024,28-05-2024,11-08-2024,8.06,No,No,2020,61,86,Hansen-Robles,767192,1357604,2394897,2558170,"Mcdonald, Flores and Ross",34,168,37,80035,228,1044,No,Yes,1301,No,488,45,No,No,No,No,Use Club,Monthly,Yes,No,61784,Christopher Gallegos,4,No,Yes,Electrical,Without Engineering,Dream course road population especially seek voice effect.,Case product arm leg meet which support.,No,Yearly,299,Monaco,Similar,No,Yes,No,No,Yes,Yes,Yes,No,Yes,Yes
Crawford PLC,North Alexis,Nevada,121,UGC,Ramirez Group University,1978,250,316,175,30,https://ramirez.net/,Arts,Entrance Exam,SAT,67,18-07-2024,26-01-2024,Management,ST,773,Offline,Address Proof,28-03-2024,11-05-2024,335364,69153,31380,19295,436238,Building Scholarship,Merit-Based,54414,No,Yes,"Turner, Kim and Garrett",Debit Card,4,Son,Travel,MBA,27,Project-Based,94,30-06-2024,29-02-2024,12-06-2024,8.02,Yes,No,2010,86,50,Garcia-Cunningham,727207,647002,2007347,814995,Compton Inc,51,154,39,19759,8151,1516,No,No,429,No,340,48,No,Yes,Yes,No,Near Club,Yearly,No,No,36907,Jeff Luna,1,Yes,Yes,Business,State Engineering,Perhaps sell issue central nearly consumer Mrs.,Without clearly seat occur.,No,Weekly,945,Nepal,Similar,No,Yes,No,No,Yes,Yes,Yes,No,Yes,Yes
Neal and Sons,Meyerton,Illinois,127,NAAC,Briggs LLC University,1977,307,459,430,18,https://www.bowers-joseph.com/,Business,12th Grade with 60%,SAT,59,25-04-2024,12-04-2024,Reserved,SC,986,Offline,Photo,07-07-2024,01-03-2024,497496,86651,14730,17319,432353,Brother Scholarship,Need-Based,54742,Yes,Yes,"Cruz, Kelly and Vang",Debit Card,3,Least,Own,PhD,40,Lectures,30,16-08-2024,06-05-2024,31-05-2024,7.11,No,No,2011,61,72,Olson-Barrett,899795,1010692,697159,2211107,Miles LLC,23,152,15,28031,2906,1435,No,Yes,1196,No,389,30,No,No,No,No,Investment Club,Monthly,No,No,59815,Blake Logan,4,Yes,Yes,Computer Science,Total Engineering,Ground wear all apply.,Board say word.,No,Monthly,941,Papua New Guinea,Different,No,Yes,No,Yes,Yes,Yes,No,No,No,Yes
Jordan-Johnson,Martinville,Nevada,106,AICTE,Jennings-Stanley University,1952,135,69,451,8,http://johnson.com/,Law,12th Grade with 60%,NEET,82,26-06-2024,05-08-2024,Management,OBC,1405,Online,Marksheet,08-07-2024,07-02-2024,364791,91722,41521,18355,99265,Often Scholarship,Merit-Based,41615,Yes,No,Palmer-Fletcher,Credit Card,5,Stay,Response,PhD,20,Project-Based,90,02-04-2024,27-01-2024,28-02-2024,7.26,Yes,Yes,2017,99,98,"Harrison, Mclean and Nelson",650265,944907,1813824,680793,Blankenship-Powell,21,160,49,96182,1588,124,Yes,No,1899,Yes,295,20,No,No,Yes,Yes,Always Club,Monthly,No,Yes,42226,Rebecca Grant,8,No,No,Civil,Only Engineering,Time available fall step.,American job report no film statement watch.,No,Monthly,340,Algeria,Similar,No,Yes,Yes,No,No,Yes,Yes,Yes,Yes,No
Mcintosh Inc,Cruzborough,South Dakota,62,UGC,Adkins-Berg University,2019,317,28,438,16,https://johnson-foster.com/,Business,Graduation with 55%,CAT,72,15-01-2024,29-07-2024,Management,SC,564,Offline,ID Proof,12-07-2024,20-03-2024,193522,43774,45029,16445,548441,Space Scholarship,Merit-Based,36467,No,No,Barnes Group,Credit Card,1,Race,Interesting,PhD,20,Lectures,32,15-03-2024,18-07-2024,10-02-2024,8.56,No,Yes,2021,51,83,"Lawrence, Marsh and Peters",741597,870127,1477753,2491075,Robertson-Morgan,17,140,47,36037,671,457,No,No,559,No,60,34,No,Yes,Yes,No,Office Club,Monthly,Yes,Yes,96113,Melissa Smith,6,No,Yes,Civil,Policy Engineering,During ago change college hair according much.,But economic voice effort time price.,Yes,Yearly,234,Djibouti,Similar,No,Yes,No,No,Yes,No,Yes,No,No,No
"Watkins, Barber and Miller",Hillside,Louisiana,173,AICTE,Walters-Arnold University,1951,476,301,291,39,http://stanley.com/,Engineering,Graduation with 55%,None,86,27-01-2024,27-07-2024,Reserved,OBC,1491,Offline,Address Proof,25-04-2024,28-04-2024,60317,92354,41556,10574,249665,Million Scholarship,Merit-Based,69444,No,No,Cummings-Russo,Debit Card,1,Strong,Impact,MSc,6,Practical,58,22-08-2024,12-05-2024,07-05-2024,8.13,Yes,No,2010,52,57,Horne Group,629765,1417492,1895762,1122413,Parker Inc,86,187,15,25726,8195,323,No,No,494,No,315,26,No,No,Yes,No,Number Club,Yearly,No,No,61650,Zachary Hill,4,No,No,Arts,Stand Engineering,Tonight half each sort interesting game recognize example.,Crime feeling action challenge necessary send return town.,Yes,Weekly,589,Macao,Different,No,Yes,No,Yes,Yes,No,Yes,No,Yes,No
"Perkins, Jones and Franco",New Christophershire,Virginia,106,UGC,"Oneal, Gillespie and Huynh University",2011,229,950,293,6,http://www.mercer.com/,Law,Entrance Exam,SAT,62,03-08-2024,05-04-2024,Reserved,General,901,Online,Address Proof,02-02-2024,08-04-2024,77338,61122,29738,8445,184642,Need Scholarship,Need-Based,56505,Yes,No,"Nunez, Banks and Cooper",Debit Card,5,Goal,Music,MSc,36,Online,30,15-06-2024,11-02-2024,07-05-2024,9.23,Yes,Yes,2019,61,54,Williams-Foster,1357635,563370,738388,2997616,Wagner Ltd,80,113,23,97135,3987,1705,Yes,No,214,Yes,378,26,Yes,No,Yes,Yes,Politics Club,Monthly,No,Yes,63756,Kristen Reed,6,Yes,No,Arts,Teacher Engineering,Fund similar parent common next.,Man break tree yourself sign eat bank.,Yes,Yearly,501,Seychelles,Different,Yes,Yes,No,No,No,No,No,Yes,Yes,No
Allen PLC,Gillberg,West Virginia,199,UGC,Mora-Morales University,2019,146,791,211,14,http://lucas.com/,Law,Entrance Exam,CAT,80,12-02-2024,29-03-2024,General,OBC,789,Offline,Marksheet,27-07-2024,01-07-2024,338147,46903,22137,8479,162924,South Scholarship,Merit-Based,54260,Yes,No,Flores and Sons,UPI,5,Certain,Control,MTech,10,Online,56,09-06-2024,13-06-2024,15-04-2024,8.38,No,Yes,2022,89,58,Carson PLC,1401632,1252440,1915720,632942,Torres Ltd,45,178,8,82010,2188,1668,No,Yes,1940,Yes,427,27,No,No,No,Yes,Just Club,Weekly,No,No,33072,Samantha Clark,1,No,No,Electrical,Threat Engineering,Number join final by series only.,Could success simply method actually almost.,Yes,Yearly,783,Costa Rica,Similar,No,No,Yes,No,Yes,Yes,No,Yes,Yes,Yes
"Hess, Castillo and Meyers",North Jeffreyport,Virginia,113,NAAC,White Inc University,1957,54,792,334,23,http://morrison-powell.info/,Law,Entrance Exam,JEE,,04-04-2024,18-05-2024,General,General,746,Offline,Address Proof,06-03-2024,09-01-2024,88023,81905,45400,11744,390700,Girl Scholarship,Category-Based,59679,Yes,No,"Thomas, Gibson and Holt",Credit Card,5,Probably,Light,MSc,35,Practical,25,25-04-2024,17-07-2024,08-02-2024,9.44,Yes,Yes,2013,97,66,Green-Meyer,1429632,656517,1561786,935539,Richardson Ltd,29,68,5,16673,2339,1516,Yes,No,1342,No,240,23,Yes,Yes,No,No,Young Club,Monthly,No,Yes,44500,Nathaniel Ramirez MD,5,No,Yes,Arts,Game Engineering,Should Republican interesting practice kid among.,Coach against visit he.,Yes,Yearly,124,Austria,Similar,No,No,Yes,No,No,No,Yes,No,No,Yes
"Levy, Young and Cardenas",North Cassandra,Florida,168,UGC,Gardner-Smith University,1961,318,565,319,11,http://howell.info/,Business,Graduation with 55%,JEE,66,12-05-2024,20-02-2024,Management,ST,788,Online,Marksheet,12-08-2024,02-03-2024,398772,23275,34775,15926,246678,Common Scholarship,Merit-Based,47020,No,Yes,Hancock PLC,Debit Card,3,Which,Probably,MSc,29,Online,78,06-04-2024,03-06-2024,10-08-2024,8.03,No,Yes,2016,79,69,Cross-Mathis,821720,1246818,2703727,1962064,Morris PLC,13,144,37,29017,4564,446,Yes,No,1546,No,280,14,Yes,Yes,Yes,Yes,Mention Club,Weekly,No,No,70200,Bradley Riley,9,Yes,No,Electrical,Enter Engineering,Away if these oil employee.,Nature note wall man happy site.,Yes,Yearly,759,Tonga,Similar,No,Yes,No,No,No,No,Yes,Yes,No,Yes
Tate LLC,East Francisco,Texas,200,NAAC,Davis LLC University,2005,139,188,135,19,https://www.king.com/,Arts,12th Grade with 60%,None,54,02-03-2024,06-08-2024,Reserved,SC,1923,Online,Address Proof,04-01-2024,22-02-2024,432854,46891,21309,10494,257614,Place Scholarship,Category-Based,78964,No,Yes,Rodriguez Ltd,Debit Card,5,West,Artist,PhD,39,Project-Based,63,16-07-2024,28-08-2024,17-04-2024,9.82,Yes,No,2018,54,64,"Sims, Hoffman and Hansen",663036,602651,974685,2792448,Kirk-Stephens,74,156,29,80599,360,208,No,No,1884,No,205,46,No,No,Yes,No,Mind Club,Yearly,Yes,Yes,28634,Sarah Obrien,8,Yes,Yes,Electrical,Ten Engineering,What order art check good reveal career.,Firm mouth decision support drug head first thank.,No,Monthly,607,Solomon Islands,Different,Yes,No,No,Yes,No,No,No,Yes,Yes,No
"Lawrence, Morris and Mccann",Port Rebeccahaven,Pennsylvania,198,UGC,Becker-Fisher University,1967,442,132,184,25,https://www.tanner.com/,Business,12th Grade with 60%,None,57,05-02-2024,21-02-2024,Management,SC,1307,Offline,Photo,11-07-2024,19-05-2024,498781,62055,49589,14100,282774,Start Scholarship,Category-Based,95943,No,No,Good Group,Debit Card,3,Response,Image,MSc,4,Practical,49,05-03-2024,27-01-2024,12-07-2024,8.29,Yes,Yes,2018,97,78,Moore and Sons,1288054,1466012,2172915,2777353,Williams-Adams,23,105,18,94289,6169,869,No,Yes,338,No,347,39,No,No,Yes,No,Change Club,Weekly,Yes,Yes,43507,Scott Perez,9,Yes,Yes,Arts,Land Engineering,Several agree well government identify.,Far century charge mission present letter level.,Yes,Weekly,773,Barbados,Different,Yes,No,Yes,Yes,Yes,Yes,No,No,No,Yes
"Romero, Snyder and Gutierrez",Franciscoberg,Illinois,49,NBA,Zamora Ltd University,1990,369,200,230,31,https://dorsey.com/,Arts,12th Grade with 60%,CAT,,04-04-2024,25-06-2024,General,General,1751,Offline,Photo,08-05-2024,27-05-2024,64834,43055,35184,13367,590382,Benefit Scholarship,Merit-Based,98883,Yes,No,Scott-Crane,UPI,2,Born,Buy,MSc,16,Lectures,63,02-03-2024,13-06-2024,19-01-2024,9.32,No,No,2024,75,97,Lopez Ltd,1000561,514898,1083038,2115529,"Howell, Guzman and Liu",33,143,26,14822,4208,1255,Yes,Yes,1637,No,308,43,Yes,No,No,No,Situation Club,Monthly,No,Yes,69210,Bryan Cruz,7,No,No,Civil,Sea Engineering,Movie dog give fire.,Throughout wrong care.,Yes,Monthly,700,Chile,Different,Yes,No,No,Yes,Yes,No,No,No,Yes,Yes
Wilkinson-Brown,Andreaberg,West Virginia,108,NAAC,"Gomez, Castaneda and Smith University",2016,131,367,198,9,http://www.hernandez.com/,Arts,12th Grade with 60%,SAT,86,09-01-2024,23-04-2024,General,ST,1262,Offline,Address Proof,31-05-2024,01-07-2024,378055,72787,20866,12085,280887,Because Scholarship,Need-Based,28329,Yes,Yes,Copeland-Martinez,Credit Card,4,Forget,Big,MTech,6,Lectures,86,13-04-2024,10-01-2024,10-05-2024,8.04,Yes,Yes,2012,96,99,Matthews and Sons,732918,783036,2676394,2273623,"Mitchell, Smith and Ball",35,139,32,48280,4911,1345,Yes,No,461,Yes,413,12,Yes,Yes,No,No,Security Club,Weekly,No,No,10299,Brett Hunter,8,No,No,Civil,Challenge Engineering,Computer one cell able.,Customer care relationship book social should himself.,Yes,Yearly,784,Costa Rica,Similar,No,Yes,No,Yes,No,Yes,No,No,Yes,Yes
"Martin, Morrow and Davis",Howardton,Massachusetts,191,NAAC,Savage-Horn University,1990,120,493,253,13,https://www.bowen.com/,Engineering,Entrance Exam,JEE,72,06-03-2024,22-01-2024,Management,ST,1193,Offline,ID Proof,23-07-2024,10-01-2024,411889,63097,32289,13276,497357,Yeah Scholarship,Need-Based,58476,No,Yes,Watts Group,UPI,2,Write,Notice,PhD,5,Online,98,06-04-2024,25-01-2024,29-02-2024,6.89,Yes,No,2024,99,100,Evans LLC,514999,1072003,903597,2187654,"Short, Wheeler and Dunn",76,65,28,67875,2880,673,No,No,1428,Yes,84,34,Yes,No,No,No,Story Club,Monthly,Yes,No,7114,George Reid,10,No,No,Law,Every Engineering,Way sit stay group.,As its real decision control.,Yes,Monthly,780,Saint Helena,Similar,Yes,Yes,No,Yes,Yes,No,No,Yes,No,No
Shah Group,Thomasshire,Nebraska,164,UGC,"Calderon, Smith and Hunt University",1966,173,811,107,24,http://www.adams-carroll.net/,Engineering,12th Grade with 60%,NEET,75,24-03-2024,22-06-2024,Management,OBC,655,Online,Address Proof,24-02-2024,19-03-2024,109272,60127,37016,10568,274371,Brother Scholarship,Merit-Based,68497,Yes,No,Cummings and Sons,Debit Card,3,Director,Tend,MTech,14,Practical,84,20-07-2024,25-03-2024,29-03-2024,9.68,No,No,2011,99,91,"Mcdonald, Bautista and Edwards",1135194,1405668,725070,1049417,Peterson Ltd,31,56,23,20377,7315,1627,Yes,No,994,No,333,8,Yes,No,Yes,Yes,Play Club,Monthly,No,No,7112,Karen Frost,8,No,Yes,Electrical,Though Engineering,Move news writer mind itself break.,Scene check myself.,No,Monthly,426,Qatar,Different,Yes,Yes,No,Yes,No,No,Yes,Yes,No,No
"Hinton, Barnes and Grimes",Kingside,Maryland,102,UGC,Anderson Group University,1968,300,447,56,47,http://johnson-villegas.biz/,Business,Graduation with 55%,JEE,59,10-04-2024,08-07-2024,Management,OBC,1000,Offline,Address Proof,22-04-2024,23-01-2024,272452,62435,38301,18464,173527,Civil Scholarship,Merit-Based,64012,No,Yes,Lewis-Ferguson,Credit Card,3,Environment,Realize,MBA,1,Online,82,26-05-2024,10-01-2024,05-03-2024,8.57,No,Yes,2011,53,61,"Salazar, Watkins and Trujillo",865654,1191905,2441065,1968710,Nelson-Lee,48,49,18,6354,2531,770,No,No,787,Yes,326,48,No,Yes,No,Yes,Contain Club,Monthly,No,Yes,35824,Julie Graham,8,No,No,Law,Three Engineering,Front into land reflect month miss.,Lay step everybody education put purpose draw.,No,Weekly,206,Venezuela,Similar,No,No,No,Yes,No,No,No,Yes,Yes,Yes
Scott LLC,Petersonview,Virginia,10,NBA,Shannon-Cruz University,1996,401,462,74,36,https://www.wilson.net/,Science,12th Grade with 60%,NEET,63,12-04-2024,26-05-2024,General,ST,1011,Offline,Photo,06-02-2024,03-07-2024,160926,71859,39878,6182,368746,Radio Scholarship,Category-Based,89606,Yes,No,Murphy-Ward,Net Banking,4,Pattern,Course,MTech,2,Online,50,29-05-2024,31-01-2024,17-06-2024,8.64,Yes,No,2015,52,85,Hill-Olson,414794,909100,1590439,1703960,Mitchell and Sons,88,139,34,57834,9056,732,No,Yes,839,No,104,44,Yes,No,No,Yes,Defense Club,Weekly,No,No,65750,Richard Williams,6,Yes,Yes,Civil,Who Engineering,Any put exist move difference.,Pm smile best.,Yes,Weekly,596,Djibouti,Different,No,No,Yes,No,No,Yes,Yes,No,Yes,No
"Williams, Martinez and Johnson",Hernandezstad,Kansas,179,NBA,Morales-Ryan University,1993,88,171,409,30,https://price.com/,Law,Entrance Exam,JEE,54,22-05-2024,01-05-2024,Reserved,ST,1869,Offline,Address Proof,01-07-2024,13-01-2024,293296,21366,46957,7640,104667,Usually Scholarship,Merit-Based,48885,Yes,Yes,Miller-Sanchez,Net Banking,1,Natural,Choose,PhD,3,Project-Based,99,26-01-2024,09-08-2024,17-06-2024,9.19,Yes,No,2017,85,90,Reilly Inc,893084,1389759,772938,2221462,Watson-Sanchez,16,49,30,54922,2119,321,Yes,Yes,1968,No,62,44,Yes,No,Yes,Yes,Issue Club,Yearly,No,Yes,20682,Jonathan Myers,7,Yes,No,Civil,Discover Engineering,All anything old man.,Trial law head none.,Yes,Yearly,925,Nepal,Different,No,Yes,No,No,No,No,No,No,No,Yes
"Jackson, Gregory and Farrell",Grahammouth,Mississippi,178,NBA,Rodriguez and Sons University,1989,58,149,198,47,http://www.wright.com/,Arts,Graduation with 55%,CAT,,24-05-2024,06-08-2024,Reserved,General,958,Offline,Photo,15-05-2024,07-06-2024,422315,53982,12115,15142,308877,Article Scholarship,Merit-Based,78927,No,No,Jimenez-Taylor,Debit Card,1,Seat,None,MSc,28,Lectures,26,08-06-2024,13-06-2024,19-02-2024,9.3,Yes,No,2010,97,88,"Roman, Wilson and Thomas",1218908,1282121,536712,821426,Bradshaw LLC,59,163,25,26544,1885,1775,No,No,617,No,82,50,No,Yes,Yes,Yes,Effort Club,Weekly,No,Yes,38268,Kristina Powell,9,No,Yes,Mechanical,Network Engineering,To investment central management majority generation administration.,Condition manager civil pressure art.,Yes,Yearly,585,Sweden,Different,Yes,No,No,No,Yes,Yes,No,Yes,No,No
Hall Group,South Jessicatown,Arkansas,52,AICTE,"Wong, Ellis and Adams University",1992,203,210,429,11,https://www.owens-villarreal.com/,Business,Graduation with 55%,None,66,11-05-2024,08-01-2024,Management,SC,1126,Online,Address Proof,01-02-2024,23-03-2024,382364,99658,25625,5887,305171,Carry Scholarship,Merit-Based,60071,No,No,Tate-Houston,Net Banking,2,Little,Purpose,PhD,1,Online,81,18-04-2024,26-06-2024,21-05-2024,9.75,No,Yes,2018,82,80,"Mendez, Lynch and Sampson",1460559,1106382,2705654,2197162,Robertson Ltd,23,62,49,12778,5452,1447,Yes,Yes,1809,Yes,116,11,No,No,Yes,Yes,Protect Club,Weekly,No,Yes,22036,David Parker,1,No,Yes,Mechanical,Ever Engineering,Nature voice stand second blue board kid.,Statement interest loss discover.,No,Weekly,843,Italy,Different,Yes,No,No,Yes,Yes,No,Yes,No,No,No
"Patel, Lutz and Jackson",Hernandezport,Rhode Island,197,AICTE,Crosby Group University,1991,206,628,465,43,http://www.french-torres.biz/,Science,Entrance Exam,JEE,,24-05-2024,14-02-2024,Management,ST,505,Offline,Address Proof,05-07-2024,25-02-2024,251713,24939,26605,13660,250442,Instead Scholarship,Merit-Based,59032,Yes,No,Brown-Ward,UPI,2,Everybody,Amount,MBA,11,Practical,42,03-07-2024,07-06-2024,07-08-2024,7.53,No,No,2020,86,61,"Rivera, Drake and Nguyen",699795,469714,2220136,2404014,Parks PLC,33,135,31,40903,3642,134,Yes,Yes,1835,No,402,48,No,Yes,Yes,No,Our Club,Yearly,No,No,37767,Angela Parker,3,No,Yes,Law,Born Engineering,Rock some everybody kid recognize significant.,Measure either garden national budget.,No,Weekly,264,Rwanda,Different,No,No,No,Yes,No,Yes,Yes,No,No,No
Hurley Group,Moodyport,Arizona,30,AICTE,"Robertson, Guerra and Gibson University",1986,188,859,144,49,http://archer.org/,Science,12th Grade with 60%,None,,16-04-2024,03-05-2024,Management,ST,1305,Online,Photo,23-03-2024,05-03-2024,485211,44299,47570,17543,183722,Window Scholarship,Category-Based,84728,Yes,Yes,Parrish-Chapman,UPI,4,Write,Opportunity,MTech,33,Lectures,67,07-05-2024,04-02-2024,15-06-2024,6.23,Yes,No,2011,83,50,Chan PLC,1332921,826144,2146930,2287678,Wallace-Hernandez,57,63,20,28499,5835,929,Yes,Yes,1443,Yes,57,39,No,No,No,No,A Club,Weekly,No,Yes,81365,Ricardo Clark,8,Yes,No,Mechanical,Assume Engineering,News carry dinner every community imagine until.,Painting serious if sense hold voice.,Yes,Yearly,200,Kazakhstan,Different,No,Yes,Yes,Yes,No,Yes,Yes,Yes,No,Yes
Thomas-Flores,West Cassandrastad,North Carolina,140,UGC,Murray Inc University,2005,290,542,106,23,http://www.santana-mitchell.com/,Business,Graduation with 55%,SAT,96,14-01-2024,20-05-2024,Management,General,800,Offline,ID Proof,01-08-2024,10-05-2024,145679,59986,48670,6870,259831,Manage Scholarship,Need-Based,77973,No,Yes,"Tran, Steele and Gay",Net Banking,4,Crime,West,MTech,9,Project-Based,32,11-04-2024,31-05-2024,28-03-2024,7.66,Yes,No,2021,51,55,Sanchez and Sons,944209,1376839,2580848,2776287,Tucker-Sullivan,26,146,30,10826,4814,484,Yes,Yes,1860,No,140,18,No,Yes,No,No,Word Club,Monthly,Yes,Yes,17977,Terri Garza,8,Yes,Yes,Civil,Letter Engineering,If author development you.,Field national dinner part explain.,Yes,Monthly,498,Libyan Arab Jamahiriya,Different,Yes,No,Yes,No,Yes,No,Yes,Yes,No,Yes
Barrett-Martinez,Lindafurt,South Dakota,24,NAAC,Howard and Sons University,2001,121,925,182,19,https://www.hale-benson.com/,Arts,12th Grade with 60%,SAT,79,01-03-2024,11-07-2024,General,OBC,1683,Online,Marksheet,19-05-2024,10-01-2024,288028,87270,26988,7275,567574,Point Scholarship,Merit-Based,83628,No,Yes,"Alvarez, Carr and Arroyo",UPI,2,Thousand,Agree,PhD,15,Practical,89,06-02-2024,24-08-2024,29-05-2024,9.04,Yes,No,2023,89,70,"James, Sellers and Schmidt",1115072,953065,2170645,1630137,Scott and Sons,53,53,50,17311,1173,668,Yes,No,865,Yes,85,22,No,Yes,No,No,Senior Club,Yearly,Yes,Yes,99410,Brett Gonzalez,4,Yes,No,Law,Media Engineering,Memory remember form outside.,Identify provide idea south star direction.,No,Monthly,438,Heard Island and McDonald Islands,Different,Yes,No,Yes,No,No,No,Yes,No,No,No
Collins-Perry,Bonnieland,Wisconsin,162,NAAC,"Garcia, Serrano and Reid University",1977,205,150,74,43,https://www.sanchez-frazier.org/,Law,12th Grade with 60%,SAT,66,19-03-2024,05-02-2024,Management,ST,889,Offline,ID Proof,13-05-2024,25-08-2024,317193,73729,45221,7741,553395,Add Scholarship,Need-Based,34767,No,No,Dyer-Allen,Debit Card,2,Increase,Choice,MTech,13,Project-Based,35,17-02-2024,06-02-2024,18-08-2024,6.26,Yes,Yes,2019,53,86,Schmitt LLC,1262371,619196,943217,2027990,Proctor Inc,88,106,6,54013,530,1051,Yes,Yes,1924,No,75,44,Yes,No,Yes,Yes,Fact Club,Monthly,Yes,Yes,58925,Sean Nguyen,7,No,Yes,Mechanical,Receive Engineering,Last thousand hair world just executive figure.,Ask purpose my case tough.,Yes,Weekly,951,Romania,Different,Yes,Yes,No,Yes,No,Yes,No,Yes,No,Yes
Arnold Ltd,North Jennifer,Kansas,173,NAAC,"Kelly, Anderson and Schmidt University",2001,424,29,496,35,https://www.hughes.com/,Business,12th Grade with 60%,JEE,,16-06-2024,12-07-2024,General,General,568,Offline,Photo,20-04-2024,11-03-2024,300654,70634,27799,11485,273309,Special Scholarship,Category-Based,49622,No,Yes,"Rivera, Rogers and Mcknight",UPI,3,Seem,Let,MBA,24,Lectures,42,10-01-2024,04-05-2024,12-05-2024,6.75,No,Yes,2010,74,84,"Thomas, Watts and Preston",315606,839714,2635792,904225,"Wagner, Pineda and Rodgers",74,86,25,21853,3565,1273,No,No,829,Yes,243,50,No,Yes,Yes,Yes,Floor Club,Weekly,No,No,54077,James Davis,10,No,Yes,Business,Purpose Engineering,Important woman interview.,Music wide trip field myself large lose.,No,Yearly,678,Seychelles,Different,Yes,Yes,Yes,No,Yes,No,Yes,No,Yes,No
Smith PLC,Megantown,Georgia,176,UGC,Franklin and Sons University,1962,324,205,237,10,http://anderson-williams.com/,Science,Entrance Exam,JEE,79,01-08-2024,13-06-2024,General,ST,1386,Offline,Photo,17-01-2024,14-01-2024,140687,53059,27828,16678,412071,Represent Scholarship,Category-Based,29274,No,Yes,Sanders-Lewis,Net Banking,4,Bill,Investment,MTech,32,Lectures,27,13-06-2024,28-04-2024,24-01-2024,6.84,No,Yes,2021,77,76,"Mullins, Barnett and Garcia",454777,1286414,2715740,999087,Morton-Garcia,47,140,34,62054,8119,1449,Yes,Yes,533,No,294,35,No,No,Yes,Yes,Simple Club,Monthly,No,No,99612,Jesse Madden,1,Yes,Yes,Business,Seat Engineering,Hard maybe live discuss nothing sign such.,Others serious employee than.,Yes,Weekly,355,Solomon Islands,Similar,No,No,No,No,No,No,No,Yes,Yes,Yes
Olson-Johnson,Johnchester,Wyoming,34,AICTE,"Bruce, Mora and Copeland University",1979,7,482,335,13,https://www.barnes-jackson.com/,Arts,Entrance Exam,NEET,,27-05-2024,15-07-2024,Management,SC,735,Offline,Address Proof,15-06-2024,17-01-2024,193990,22870,41005,7288,481038,Senior Scholarship,Need-Based,51384,No,Yes,Evans and Sons,UPI,4,Role,Situation,MBA,4,Online,75,04-02-2024,29-08-2024,28-08-2024,9.36,No,Yes,2024,71,95,"Brown, Powell and Ewing",413893,1012647,984624,2769716,White LLC,89,21,24,49743,1671,704,Yes,No,1503,No,368,4,No,No,No,Yes,Stay Club,Yearly,No,No,97272,Matthew Smith,7,No,Yes,Computer Science,Investment Engineering,Success out center could staff way.,Agent newspaper project manage.,Yes,Yearly,925,Cayman Islands,Similar,Yes,No,Yes,Yes,Yes,No,Yes,No,Yes,No
"Elliott, Carroll and Lopez",West Isabelburgh,Arizona,149,NBA,Moore and Sons University,1971,284,902,471,49,https://www.rush.com/,Science,Graduation with 55%,NEET,,14-08-2024,20-03-2024,Reserved,ST,1431,Online,Photo,08-07-2024,02-06-2024,192685,42045,40533,6180,442761,Quickly Scholarship,Category-Based,23215,No,No,"Ward, Bradshaw and Haynes",Net Banking,5,Above,Drug,MSc,10,Online,78,17-03-2024,24-03-2024,23-05-2024,8.44,Yes,No,2012,67,57,"Crawford, Mcintyre and Reyes",789942,316185,1314838,1362706,Moran-Mcdaniel,63,21,8,67538,7747,1389,Yes,Yes,1078,Yes,207,41,Yes,Yes,Yes,Yes,Cup Club,Weekly,No,No,92839,Susan Baker,2,No,No,Computer Science,Loss Engineering,Gas discuss throughout sound cell onto attention these.,Other site scene suffer road result.,Yes,Yearly,210,Taiwan,Different,Yes,No,Yes,Yes,No,Yes,Yes,No,Yes,No
Parker Ltd,Petersside,Wisconsin,56,AICTE,"Werner, Brown and Walker University",1972,388,252,182,38,http://www.taylor.com/,Engineering,Entrance Exam,CAT,97,12-05-2024,25-06-2024,Management,ST,1884,Online,Address Proof,16-04-2024,21-02-2024,293589,31397,28075,8144,347094,Head Scholarship,Merit-Based,26149,Yes,Yes,Clark LLC,Debit Card,3,Sell,Cut,PhD,23,Online,69,18-04-2024,24-03-2024,08-07-2024,6.53,No,Yes,2010,71,69,Scott-Moss,909626,1325761,2160498,2266049,Baldwin and Sons,73,56,31,90725,6981,1806,No,Yes,1889,No,58,40,Yes,No,No,No,Option Club,Yearly,No,Yes,72374,Vincent Ray,5,No,Yes,Civil,Picture Engineering,Strategy personal production.,Food nor though you.,Yes,Weekly,196,South Africa,Similar,Yes,No,No,Yes,No,No,No,No,No,Yes
Baker-Caldwell,West Chelsea,Arizona,15,UGC,"Brown, Yates and Weaver University",1974,500,478,122,24,https://briggs-anderson.info/,Arts,Graduation with 55%,None,61,01-07-2024,06-02-2024,General,OBC,1487,Offline,Address Proof,03-01-2024,28-04-2024,242402,91731,14948,11434,103194,Month Scholarship,Merit-Based,91118,Yes,Yes,Lucas-Morris,Credit Card,1,Reality,Common,MBA,18,Project-Based,60,28-04-2024,20-06-2024,07-02-2024,8.64,Yes,No,2019,80,55,"Cooper, Greene and Sexton",1057670,628090,1526547,2761019,"Collier, Barnes and Flores",16,175,24,35088,860,772,No,Yes,1420,Yes,440,26,No,Yes,Yes,No,He Club,Weekly,Yes,No,83095,Sara Burns,5,Yes,Yes,Electrical,Card Engineering,Team sign it where often law.,Leader report one discussion first music across.,No,Monthly,335,Angola,Different,Yes,Yes,Yes,No,Yes,Yes,Yes,No,Yes,No
"Hammond, Valenzuela and Rowe",North Justintown,Nevada,28,UGC,Dominguez-Hinton University,1953,393,3,309,16,http://www.smith-shepherd.com/,Law,Graduation with 55%,JEE,,23-05-2024,20-05-2024,Reserved,SC,890,Online,ID Proof,12-04-2024,31-07-2024,308772,48937,43682,10782,380180,Front Scholarship,Need-Based,85635,Yes,No,"Johnson, Lopez and Hughes",Debit Card,4,Field,Chance,MSc,3,Online,51,11-01-2024,23-05-2024,21-04-2024,9.13,Yes,Yes,2011,85,85,Andrews Ltd,1268421,738957,1535707,1294774,Ellis PLC,87,79,10,62449,8177,1521,No,No,433,No,154,34,Yes,Yes,Yes,No,Now Club,Monthly,No,Yes,9838,Melanie Bernard,1,No,Yes,Civil,Model Engineering,Act officer culture family near consumer consumer feel.,Foreign base alone force me lot position.,No,Weekly,154,Panama,Similar,Yes,Yes,Yes,No,No,Yes,No,Yes,No,Yes
Anderson-Barrett,North Jessica,Texas,176,UGC,Scott-Manning University,1996,234,280,217,16,https://www.baker-rich.com/,Business,12th Grade with 60%,CAT,89,17-05-2024,13-01-2024,General,General,788,Offline,Marksheet,12-01-2024,06-05-2024,483465,56293,15409,8520,594413,Condition Scholarship,Need-Based,35067,Yes,No,Lucas-Wilson,Net Banking,2,Recent,Contain,MTech,6,Project-Based,45,05-01-2024,16-07-2024,01-08-2024,8.97,No,Yes,2017,79,99,"Brown, Morales and Clark",541968,905549,2972225,1646336,"Lewis, Rios and Williams",48,171,43,60216,509,725,Yes,Yes,1431,Yes,137,15,Yes,No,No,Yes,Tv Club,Yearly,Yes,Yes,94551,Kimberly Patrick,2,No,Yes,Civil,Can Engineering,Room bring issue hear director.,Usually concern scene resource end former.,Yes,Yearly,613,Latvia,Similar,Yes,Yes,No,No,No,Yes,Yes,No,No,Yes
Dennis Inc,Lake Kristinahaven,Illinois,95,NBA,Walsh-Ross University,1972,434,406,138,31,https://www.bright.com/,Engineering,12th Grade with 60%,JEE,90,28-07-2024,18-07-2024,Reserved,OBC,1682,Offline,ID Proof,14-07-2024,29-01-2024,214291,84618,18653,18541,249531,Right Scholarship,Need-Based,80784,Yes,No,"Ruiz, Dunn and Flynn",UPI,2,Skill,World,MSc,7,Practical,77,30-01-2024,01-08-2024,09-07-2024,7.07,No,Yes,2023,86,79,Torres-Williams,1218382,939997,2725647,899693,Olson PLC,28,59,13,97873,4963,280,Yes,Yes,1397,No,465,44,Yes,No,No,No,Effort Club,Yearly,No,No,12475,Nathaniel Graham,5,Yes,No,Arts,Arm Engineering,Adult tonight increase idea born expert.,But country teach.,Yes,Weekly,65,Swaziland,Different,No,No,No,Yes,No,No,No,Yes,No,No
Harris-Kennedy,Austinport,Vermont,159,NBA,Patrick and Sons University,1983,264,746,494,34,https://cordova.com/,Arts,Entrance Exam,NEET,,26-07-2024,24-07-2024,General,OBC,1703,Offline,Marksheet,15-04-2024,10-02-2024,214637,40139,29280,13795,432922,Work Scholarship,Merit-Based,87081,No,No,"Mullins, Smith and Allen",UPI,2,Enjoy,Age,MTech,7,Lectures,20,07-01-2024,09-01-2024,09-02-2024,8.65,No,No,2023,78,67,Schneider Ltd,531299,1096377,2871831,1855810,Mcdowell-Mcknight,13,67,32,35481,9156,1562,Yes,Yes,1856,No,186,21,Yes,Yes,Yes,No,Might Club,Monthly,Yes,No,93192,Patrick Hopkins,1,Yes,No,Arts,Candidate Engineering,Reduce less different between play anything.,Art truth market fly position serious.,Yes,Monthly,494,Korea,Similar,Yes,Yes,No,Yes,Yes,No,No,Yes,No,No
"Cooley, White and Nunez",Sandersview,Pennsylvania,179,AICTE,Christian-Bradford University,2004,471,633,266,9,https://www.wilson.info/,Law,12th Grade with 60%,SAT,73,08-02-2024,25-02-2024,Management,ST,1572,Online,Address Proof,21-07-2024,30-06-2024,99652,78489,22226,5187,409819,Save Scholarship,Category-Based,12064,No,Yes,Price-Deleon,Credit Card,2,Agree,Join,MBA,21,Lectures,60,02-07-2024,29-06-2024,12-02-2024,9.47,Yes,No,2010,70,78,Adkins Inc,345912,1020036,525441,1316817,Wade-Price,16,22,11,14898,6899,1912,No,No,1685,No,143,15,Yes,Yes,Yes,No,Degree Club,Monthly,No,Yes,8237,Dana Woodward,1,No,Yes,Civil,Forward Engineering,Wait loss own century bad good eye.,National middle tough close.,No,Yearly,431,United Kingdom,Different,Yes,Yes,Yes,Yes,Yes,Yes,Yes,Yes,Yes,Yes
Edwards-Galloway,East Patrick,West Virginia,196,UGC,Hall-Park University,2016,292,96,129,39,http://cobb-martin.com/,Law,12th Grade with 60%,None,89,02-03-2024,14-08-2024,Reserved,ST,1029,Offline,Photo,09-01-2024,06-01-2024,480692,59568,21103,6378,478402,Political Scholarship,Merit-Based,75720,No,Yes,Garcia PLC,Debit Card,3,Thousand,Soon,MTech,4,Project-Based,24,04-08-2024,11-01-2024,11-06-2024,7.65,Yes,No,2011,96,61,Reeves LLC,527873,1379743,1306903,2167700,Simpson-Fisher,49,126,38,84343,6759,1966,No,No,1065,No,466,20,No,Yes,Yes,Yes,Available Club,Weekly,Yes,Yes,29414,Lindsey Graham,8,Yes,No,Business,List Engineering,Maintain garden thing others car.,Analysis too unit ball necessary moment.,No,Weekly,188,Niue,Different,Yes,Yes,No,No,No,Yes,No,Yes,Yes,Yes
"Bolton, Price and Scott",Muellerland,Illinois,190,UGC,Medina-Hines University,1968,53,581,369,22,https://www.lamb.com/,Business,Graduation with 55%,None,95,25-04-2024,13-07-2024,Management,ST,1064,Offline,Photo,01-05-2024,11-07-2024,106281,89026,31047,19175,155102,Baby Scholarship,Need-Based,23589,Yes,Yes,Garcia PLC,Net Banking,5,Focus,Order,PhD,2,Project-Based,64,22-04-2024,21-01-2024,09-07-2024,8.61,Yes,Yes,2016,62,93,Miller-Harris,338724,1370769,1262001,969461,"Hampton, Parks and Charles",69,88,36,19302,6945,513,Yes,Yes,1644,No,82,24,Yes,No,No,No,Study Club,Weekly,No,Yes,49448,Martin Allen,8,No,Yes,Electrical,Third Engineering,Around they product increase move record last.,Difference positive check nature course.,Yes,Weekly,462,Kenya,Similar,No,No,Yes,Yes,No,No,No,Yes,No,No
Jones Group,Lake Michelle,North Carolina,70,UGC,"Dunlap, Dunlap and Hooper University",1969,221,182,106,50,http://freeman.com/,Law,Graduation with 55%,None,,14-02-2024,09-02-2024,Reserved,SC,1009,Offline,Marksheet,08-07-2024,11-05-2024,98029,49452,13028,12120,583457,Center Scholarship,Need-Based,48307,Yes,Yes,Finley-Davis,Credit Card,3,Model,Catch,MBA,16,Project-Based,55,24-02-2024,09-08-2024,02-07-2024,9.27,No,No,2011,76,53,Velazquez-Cross,978842,1309585,2623626,2930773,Norman LLC,43,181,23,58073,4547,206,Yes,Yes,1089,No,315,28,Yes,No,Yes,Yes,Finally Club,Yearly,Yes,No,44706,William Sparks,8,No,Yes,Business,Piece Engineering,Race debate usually forget apply nor finish.,Space authority none although catch mean increase most.,No,Monthly,861,Oman,Different,No,Yes,No,Yes,Yes,No,No,No,No,No
